﻿图片地址,作品名字,作品类型,人气数,点赞数,评论数,作者图片,作者
https://img.zhisheji.com/Fm6dC5JRrA6L2IrmvXkQWWPRf-Y-?imageMogr2/quality/100/sharpen/1/thumbnail/290x/crop/!290x180,韩国ASHMORE小王子声波盒,详情页-家电办公,5186,66,23,https://www.zhisheji.com/uc_server/data/avatar/000/14/27/59_avatar_small.jpg,MOI摩尔
https://img.zhisheji.com/Ft1z3DVySocd00IJbl2eMxV9JgU2?imageMogr2/quality/100/sharpen/1/thumbnail/290x/crop/!290x180,SA9527-美丽的你如此迷人 & 创意插图~,插画,2980,50,16,https://www.zhisheji.com/uc_server/data/avatar/000/02/96/08_avatar_small.jpg,SA九五二七
https://img.zhisheji.com/FuVU1rC6j2wv6PSznqBTZOgSuj6H?imageMogr2/quality/100/sharpen/1/thumbnail/290x/crop/!290x180,雅阁10代——体验设计驾驶指导方案,UI-APP,3105,42,17,https://www.zhisheji.com/uc_server/data/avatar/000/42/96/22_avatar_small.jpg,卉大大
https://img.zhisheji.com/FsZDSEMiRjYRl8__MjkRskK2J0d6?imageMogr2/thumbnail/600x/crop/!590x369a6a9,新罐头创意视觉『 安踏&迪士尼｜花木兰联名系列 』,摄影-产品,5319,87,26,https://www.zhisheji.com/uc_server/data/avatar/000/42/37/10_avatar_small.jpg,新罐头工厂
https://img.zhisheji.com/FviKcwDsQE0Rqu27Z3J8aGhFJH3p?imageMogr2/quality/100/sharpen/1/thumbnail/290x/crop/!290x180,贝克赫迪《页面海报分享》,首页/专题-家装建材,5841,152,34,https://www.zhisheji.com/uc_server/data/avatar/000/15/42/16_avatar_small.jpg,_凯旋的凯
https://img.zhisheji.com/FrC3seepaz73oSC7K3r4eFp7MPdG?imageMogr2/thumbnail/600x/crop/!600x375a0a10,#小丑 #????????????????????,摄影-人像,2739,57,20,https://www.zhisheji.com/uc_server/data/avatar/000/46/16/28_avatar_small.jpg,菲林艾吉FILMAG
https://img.zhisheji.com/Fv8-0v4LeL3MZjDoXvNJMEetFXVY?imageMogr2/thumbnail/600x/crop/!600x375a0a71,19年做的一系列面食包装插画,插画,4998,114,44,https://www.zhisheji.com/uc_server/data/avatar/000/47/42/39_avatar_small.jpg,浪成仙包装设计
https://img.zhisheji.com/FrCLCvRA14cGLtkYZOqEWwImi4ij?imageMogr2/quality/100/sharpen/1/thumbnail/290x/crop/!290x180,宅在家里的好空气 | 艾美特 X foodography,摄影-产品,5189,78,19,https://www.zhisheji.com/uc_server/data/avatar/000/35/42/06_avatar_small.jpg,FOODOGRAPH
https://img.zhisheji.com/FkShnsVkxhHgR9rb1vGFZUEoqXEF?imageMogr2/thumbnail/600x/crop/!600x375a0a294,新罐头创意视觉『 天猫｜年货节 』,摄影-产品,4218,52,14,https://www.zhisheji.com/uc_server/data/avatar/000/42/37/10_avatar_small.jpg,新罐头工厂
https://img.zhisheji.com/FkQlHsOCs8AbspCo5gL-PsCD0jxp?imageMogr2/thumbnail/600x/crop/!539x337a49a0,便携你的清凉 GUZI X foodography,摄影-其它,2558,51,14,https://www.zhisheji.com/uc_server/data/avatar/000/35/42/06_avatar_small.jpg,FOODOGRAPH
https://img.zhisheji.com/FlcvUQU_EERGwwVVxTa55saUrxti?imageMogr2/quality/100/sharpen/1/thumbnail/290x/crop/!290x180,2019 - 2020 海报集,网页-banner/广告图,5568,113,19,https://www.zhisheji.com/uc_server/data/avatar/000/03/31/20_avatar_small.jpg,魏佺
https://img.zhisheji.com/20200403173435mJ1EW.jpg?imageMogr2/quality/100/sharpen/1/thumbnail/290x/crop/!290x180,建立-空间的层次思维,文章/经验,4221,46,13,https://www.zhisheji.com/uc_server/data/avatar/000/46/68/97_avatar_small.jpg,@设猎派
https://img.zhisheji.com/Fvvdion1Yt9byfyMZBTrQWvCsNJe?imageMogr2/thumbnail/600x/crop/!576x360a14a0,2020年1~3月插画总结,插画,4173,95,51,https://www.zhisheji.com/uc_server/data/avatar/000/40/64/26_avatar_small.jpg,风绽
https://img.zhisheji.com/FrBpk_h9TCg_r5A1AZpZTdgcGSml?imageMogr2/thumbnail/600x/crop/!600x375a0a0,新罐头创意视觉『 ikbc机械键盘』·颜控男女,摄影-产品,5742,84,45,https://www.zhisheji.com/uc_server/data/avatar/000/42/37/10_avatar_small.jpg,新罐头工厂
https://img.zhisheji.com/FvT5bf53AkA62Ozu1aQIlWSRj0p7?imageMogr2/quality/100/sharpen/1/thumbnail/290x/crop/!290x180,VANS官网,网页-企业官网,3569,46,17,https://www.zhisheji.com/uc_server/data/avatar/000/45/00/84_avatar_small.jpg,Bravo_PIDA
https://img.zhisheji.com/FnYJqy7LJP3Tj91CdMxHtA33mZec?imageMogr2/quality/100/sharpen/1/thumbnail/290x/crop/!290x180,字魂字库--俊逸手书--世俊书写2020,平面-字体设计,2013,11,2,https://www.zhisheji.com/uc_server/data/avatar/000/25/67/08_avatar_small.jpg,王世俊WSJ
https://img.zhisheji.com/FqqgeH6KejdMP71p9CoxRLTYemDw?imageMogr2/thumbnail/600x/crop/!582x364a0a0,電影《破戰》劇照 x 花絮,摄影-人像,4146,51,22,https://www.zhisheji.com/uc_server/data/avatar/000/46/16/28_avatar_small.jpg,菲林艾吉FILMAG
https://img.zhisheji.com/Fqzp6he7t05RgBIRIu3SlMARRWid?imageMogr2/quality/100/sharpen/1/thumbnail/290x/crop/!290x180,MR.BOX IP形象设计 / 包克斯的探索日记,平面-吉祥物,4029,75,34,https://www.zhisheji.com/uc_server/data/avatar/000/52/68/26_avatar_small.jpg,林_Linplust
https://img.zhisheji.com/Fsu8pQse6-ZEcyL9UG9PTacSA0b4?imageMogr2/quality/100/sharpen/1/thumbnail/290x/crop/!290x180,标志&字体精选,平面-LOGO,2439,38,12,https://www.zhisheji.com/uc_server/data/avatar/000/50/61/12_avatar_small.jpg,TonyCube
https://img.zhisheji.com/FkQoQErwNqLK-cg6DSKL8-ADyOgJ?imageMogr2/thumbnail/600x/crop/!600x375a0a47,创意视觉『 素士 | 梵高系列 』? 新罐头,摄影-产品,6608,132,39,https://www.zhisheji.com/uc_server/data/avatar/000/42/37/10_avatar_small.jpg,新罐头工厂
https://img.zhisheji.com/FgjtbQl0yFw5R6wc8hZXHi9Zq5Jn?imageMogr2/quality/100/sharpen/1/thumbnail/290x/crop/!290x180,手写美术字体,平面-字体设计,2013,36,18,https://www.zhisheji.com/uc_server/data/avatar/000/21/24/59_avatar_small.jpg,依然浚
https://img.zhisheji.com/FmsFIiMz8mZsBP0YqGZsONUg5I8P?imageMogr2/thumbnail/600x/crop/!600x375a0a124,【海信国际】电视项目作品分享,平面-海报,5938,166,33,https://www.zhisheji.com/uc_server/data/avatar/000/02/53/55_avatar_small.jpg,杰克sean
https://img.zhisheji.com/Fn2hb40FLmXuIe-jxisxfD0DNALg?imageMogr2/quality/100/sharpen/1/thumbnail/290x/crop/!290x180,SA9527-网络连接异常 & 缺省页插图~,UI-主题/皮肤,2664,45,14,https://www.zhisheji.com/uc_server/data/avatar/000/02/96/08_avatar_small.jpg,SA九五二七
https://img.zhisheji.com/Fj_hCdPTPVlfp74IuY1URjctF18E?imageMogr2/quality/100/sharpen/1/thumbnail/290x/crop/!290x180,插画「Illustration style exercise,插画,2746,46,18,https://www.zhisheji.com/uc_server/data/avatar/000/53/04/01_avatar_small.jpg,lee「海」
https://img.zhisheji.com/FsISZOr-OcJNUPjf7VpCXgEML-e6?imageMogr2/quality/100/sharpen/1/thumbnail/290x/crop/!290x180,运营设计解决方案探索 | JINAN PXFANER,插画,3714,59,22,https://www.zhisheji.com/uc_server/data/avatar/000/24/46/27_avatar_small.jpg,孔雅轩LineVis
https://img.zhisheji.com/FsuGVKkKAtDDGvDfQHKbGf7h9s3u?imageMogr2/quality/100/sharpen/1/thumbnail/290x/crop/!290x180,特色面包装设计,插画,4855,68,36,https://www.zhisheji.com/uc_server/data/avatar/000/13/30/76_avatar_small.jpg,简小简
https://img.zhisheji.com/FkWTiAe4lWt0dnM28pLq2qm8POqv?imageMogr2/thumbnail/600x/crop/!541x338a59a0,scp1743工厂 | 品牌提案,平面-品牌,2428,31,12,https://www.zhisheji.com/uc_server/data/avatar/000/47/55/50_avatar_small.jpg,sqwen
https://img.zhisheji.com/FlOxv7q3tytf7GdoZ5oY2M1HqqzJ?imageMogr2/thumbnail/600x/crop/!600x375a0a26,字体集（一）,平面-字体设计,2511,42,24,https://www.zhisheji.com/uc_server/data/avatar/000/46/78/68_avatar_small.jpg,路文
https://img.zhisheji.com/Fispa6xFh1_W-Kk2sLt9i73pSgdo?imageMogr2/thumbnail/600x/crop/!600x375a0a14,年华,摄影-人像,4218,48,27,https://www.zhisheji.com/uc_server/data/avatar/000/52/88/14_avatar_small.jpg,ks-安泽
https://img.zhisheji.com/Fg8i_G9OXm3PxnhsPLecR55RW511?imageMogr2/thumbnail/600x/crop/!541x338a0a0,CIH塔扇4603外观短片,三维/C4D,5707,97,42,https://www.zhisheji.com/uc_server/data/avatar/000/43/57/34_avatar_small.jpg,楚阁
https://img.zhisheji.com/FipWXtCsdeYBqT1QFr2gbuQwsN2j?imageMogr2/quality/100/sharpen/1/thumbnail/290x/crop/!290x180,制御局 x 奇舫社｜攀云追月,插画,4525,69,30,https://www.zhisheji.com/uc_server/data/avatar/000/47/83/87_avatar_small.jpg,奇舫社
https://img.zhisheji.com/FoCCHuSA1RleAt-DArSYisE3AS-O?imageMogr2/quality/100/sharpen/1/thumbnail/290x/crop/!290x180,野狗富贵 | 99 little monsters,插画,2349,64,31,https://www.zhisheji.com/uc_server/data/avatar/000/51/88/32_avatar_small.jpg,野狗富贵
https://img.zhisheji.com/20200328201409AvPgq.jpg?imageMogr2/quality/100/sharpen/1/thumbnail/290x/crop/!290x180,设计中被你忽略掉的画面表现力,文章/经验,5793,69,17,https://www.zhisheji.com/uc_server/data/avatar/000/01/89/81_avatar_small.jpg,16创艺
https://img.zhisheji.com/FvJnewUkNj_0bFIVhIjyfokD28lS?imageMogr2/quality/100/sharpen/1/thumbnail/290x/crop/!290x180,法格｜蒸烤箱系列,详情页-家电办公,6141,99,36,https://www.zhisheji.com/uc_server/data/avatar/000/14/27/59_avatar_small.jpg,MOI摩尔
https://img.zhisheji.com/FuQcuNEXAXzSREQzbv-TceUCUvL4?imageMogr2/quality/100/sharpen/1/thumbnail/290x/crop/!290x180,小家电摄影拍摄X4,摄影-产品,6152,133,54,https://www.zhisheji.com/uc_server/data/avatar/000/45/06/91_avatar_small.jpg,IDX当下集
https://img.zhisheji.com/FuRQueKfITMcIDPk4U5dQxmu-bwC?imageMogr2/quality/100/sharpen/1/thumbnail/290x/crop/!290x180,千里之行，始于足下,网页-其它,5072,82,48,https://www.zhisheji.com/uc_server/data/avatar/000/21/83/22_avatar_small.jpg,云威
https://img.zhisheji.com/Fhz0NWpJuOJHrH4oG95290xyFP-c?imageMogr2/quality/100/sharpen/1/thumbnail/290x/crop/!290x180,奇舫社｜2019年终总结,插画,3657,71,33,https://www.zhisheji.com/uc_server/data/avatar/000/47/83/87_avatar_small.jpg,奇舫社
https://img.zhisheji.com/Fgt9jU-KMtgs1txMbRfcFuRpIW8z?imageMogr2/quality/100/sharpen/1/thumbnail/290x/crop/!290x180,旭辉地产 x 奇舫社｜浙江八城,插画,2809,36,16,https://www.zhisheji.com/uc_server/data/avatar/000/47/83/87_avatar_small.jpg,奇舫社
https://img.zhisheji.com/FldZTsgS7CXeAg0XDEzEPLB5kQoc?imageMogr2/quality/100/sharpen/1/thumbnail/290x/crop/!290x180,喜鹊包装 | 中国节气，极致浪漫,插画,2922,62,30,https://www.zhisheji.com/uc_server/data/avatar/000/46/25/99_avatar_small.jpg,喜鹊包装设计
https://img.zhisheji.com/Fk9TjYkf1FolZSWESh4js21jZFLo?imageMogr2/quality/100/sharpen/1/thumbnail/290x/crop/!290x180,海报整理,平面-海报,3645,79,39,https://www.zhisheji.com/uc_server/data/avatar/000/49/15/25_avatar_small.jpg,丿Remember
https://img.zhisheji.com/FrZtXL4EHeAbixfd6IAejgYRt41v?imageMogr2/quality/100/sharpen/1/thumbnail/290x/crop/!290x180,钢化膜-详情页X3,详情页-手机数码,6594,107,37,https://www.zhisheji.com/uc_server/images/noavatar_small.gif,DCJ
https://img.zhisheji.com/20200327101210wGyb0.jpg?imageMogr2/quality/100/sharpen/1/thumbnail/290x/crop/!290x180,作品推荐机制调整公告,资讯,5440,116,44,https://www.zhisheji.com/uc_server/data/avatar/000/00/00/01_avatar_small.jpg,致设计团队
https://img.zhisheji.com/FvdxQRZLnF2OcAUrvL7Ccg_tVw6s?imageMogr2/quality/100/sharpen/1/thumbnail/290x/crop/!290x180,武汉加油！中国加油！,插画,4350,101,38,https://www.zhisheji.com/uc_server/data/avatar/000/10/04/28_avatar_small.jpg,多金子
https://img.zhisheji.com/Fjue8bW7NvEvkV1f7gBMhSbAzX45?imageMogr2/thumbnail/600x/crop/!469x293a54a44,茶包里Daily Tea茶饮综合体品牌形象设计,平面-品牌,4764,66,36,https://www.zhisheji.com/uc_server/data/avatar/000/34/98/52_avatar_small.jpg,席江龙
https://img.zhisheji.com/FsnbAncXSUVSK4OnZlMbYbZktmJI?imageMogr2/thumbnail/600x/crop/!600x375a0a138,电商摄影?空气炸锅,摄影-产品,7277,87,188,https://www.zhisheji.com/uc_server/data/avatar/000/39/90/20_avatar_small.jpg,圆意摄影
https://img.zhisheji.com/FmFkAdNorTbwzE9RqRBgilbfjir7?imageMogr2/quality/100/sharpen/1/thumbnail/290x/crop/!290x180,阿孤女友和感情药丸,三维/C4D,3774,101,30,https://www.zhisheji.com/uc_server/data/avatar/000/52/28/17_avatar_small.jpg,拾伍
https://img.zhisheji.com/FpMm5OtYPgPnX-vhvWW0Z6E3jRZX?imageMogr2/quality/100/sharpen/1/thumbnail/290x/crop/!290x180,VISEN维尔逊即热式水瓶全案,详情页-家电办公,5818,91,31,https://www.zhisheji.com/uc_server/data/avatar/000/14/27/59_avatar_small.jpg,MOI摩尔
https://img.zhisheji.com/FroYyd4uMmBW1pkzGAPLVm2QQkqc?imageMogr2/thumbnail/600x/crop/!600x375a0a13,手写字体│2020第6发,平面-字体设计,2010,44,33,https://www.zhisheji.com/uc_server/data/avatar/000/36/14/41_avatar_small.jpg,白鸽手创
https://img.zhisheji.com/FlC1VWBa36PncE8WG2fGzYKrUvs4?imageMogr2/quality/100/sharpen/1/thumbnail/290x/crop/!290x180,2019-2020工作记录—Redmi K30 系列,网页-其它,5746,102,38,https://www.zhisheji.com/uc_server/data/avatar/000/00/98/19_avatar_small.jpg,尽头
https://img.zhisheji.com/Fk6zuvmOAqOIDH_Q2-AdSpAmzpIZ?imageMogr2/quality/100/sharpen/1/thumbnail/290x/crop/!290x180,樱娜姿内衣 X 汤臣杰逊 X foodography,摄影-产品,6550,70,39,https://www.zhisheji.com/uc_server/data/avatar/000/35/42/06_avatar_small.jpg,FOODOGRAPH
https://img.zhisheji.com/FsLnK5hKrsGm1g5hX-OejCvrzkGo?imageMogr2/quality/100/sharpen/1/thumbnail/290x/crop/!290x180,[1] 耳机渲染,三维/C4D,3709,54,25,https://www.zhisheji.com/uc_server/data/avatar/000/18/42/28_avatar_small.jpg,花椒巫
https://img.zhisheji.com/FjTlsdy1wWZ9Fu83bJresRgmYqNT?imageMogr2/quality/100/sharpen/1/thumbnail/290x/crop/!290x180,谭木匠梳子品牌全案（含首页详情女性日用品国潮方向）,首页/专题-其它,6268,127,58,https://www.zhisheji.com/uc_server/data/avatar/000/02/27/96_avatar_small.jpg,叉视觉
https://img.zhisheji.com/Fg3v29uzeEpcvjl3wPwVonQjRX3y?imageMogr2/thumbnail/600x/crop/!560x350a33a127,留住美好瞬间【C4D结冰的生命】,三维/C4D,5757,143,45,https://www.zhisheji.com/uc_server/data/avatar/000/03/96/46_avatar_small.jpg,白无常电商设计
https://img.zhisheji.com/FslmSQ-Nc0SiG925eshYvdynx1or?imageMogr2/quality/100/sharpen/1/thumbnail/290x/crop/!290x180,MCKK处理器详情页* + sakacon集成灶* 详情页视,首页/专题-家电办公,5615,76,27,https://www.zhisheji.com/uc_server/data/avatar/000/01/11/11_avatar_small.jpg,ET_胡先生
https://img.zhisheji.com/Fgx6SZb5f9k8P-LdRVQSi-8RGPTa?imageMogr2/thumbnail/600x/crop/!600x375a0a15,iQOO概念手机,平面-海报,5095,80,28,https://www.zhisheji.com/uc_server/data/avatar/000/03/22/88_avatar_small.jpg,肖坤前_shaw
https://img.zhisheji.com/Fty_Opa2j074ATiMl7kXJyZiMax8?imageMogr2/thumbnail/600x/crop/!525x328a51a1,半感 | 品牌提案,平面-品牌,3021,59,32,https://www.zhisheji.com/uc_server/data/avatar/000/47/55/50_avatar_small.jpg,sqwen
https://img.zhisheji.com/FrBC74u-z-SLjkynuLde7UUym3xK?imageMogr2/quality/100/sharpen/1/thumbnail/290x/crop/!290x180,字体设计,平面-字体设计,3444,64,29,https://www.zhisheji.com/uc_server/data/avatar/000/43/25/07_avatar_small.jpg,大橙子设计
https://img.zhisheji.com/FlXh8KHx-qUvSujNuVXPt5vSlFxo?imageMogr2/quality/100/sharpen/1/thumbnail/290x/crop/!290x180,详情页,详情页-母婴用品,7957,131,31,https://www.zhisheji.com/uc_server/data/avatar/000/15/50/22_avatar_small.jpg,谢小董
https://img.zhisheji.com/Fok0IOPO4zs0_elpFxyXXSUrQKyM?imageMogr2/quality/100/sharpen/1/thumbnail/290x/crop/!290x180,字选集,平面-字体设计,2799,39,25,https://www.zhisheji.com/uc_server/data/avatar/000/39/49/23_avatar_small.jpg,返朴歸真
https://img.zhisheji.com/FufIY1popGHXlXjjxYTsHgCrBh-1?imageMogr2/thumbnail/600x/crop/!539x337a26a0,创意广告 | 与好看的东西一起自拍 SKG K6,摄影-其它,3966,63,20,https://www.zhisheji.com/uc_server/data/avatar/000/35/42/06_avatar_small.jpg,FOODOGRAPH
https://img.zhisheji.com/Fj_6o2fbjNj9vXEmK4V12va0TyVI?imageMogr2/quality/100/sharpen/1/thumbnail/290x/crop/!290x180,Font Design | 字体设计,平面-字体设计,4953,68,30,https://www.zhisheji.com/uc_server/data/avatar/000/42/06/69_avatar_small.jpg,Evanaaa
https://img.zhisheji.com/FlcPEWhbPFcYQMhezbqR_3iZdV0M?imageMogr2/quality/100/sharpen/1/thumbnail/290x/crop/!290x180,Btools视觉策划合集,详情页-护肤彩妆,8455,113,28,https://www.zhisheji.com/uc_server/data/avatar/000/34/60/35_avatar_small.jpg,LAPRO良鹏传媒
https://img.zhisheji.com/FrO7xsreUUYnZ4Sd5Y5FiNxjBCpu?imageMogr2/quality/100/sharpen/1/thumbnail/290x/crop/!290x180,百草味x东方好礼---锦食潮盒,平面-包装设计,4054,54,31,https://www.zhisheji.com/uc_server/data/avatar/000/24/78/76_avatar_small.jpg,东方好礼
https://img.zhisheji.com/20200320140522KG1Un.jpg?imageMogr2/quality/100/sharpen/1/thumbnail/290x/crop/!290x180,解构-版式设计中的“表与里”,文章/经验,6161,90,22,https://www.zhisheji.com/uc_server/data/avatar/000/46/68/97_avatar_small.jpg,@设猎派
https://img.zhisheji.com/loN62w9PeEsMgJWjOO9H5ZncI6ta?imageMogr2/thumbnail/600x/crop/!430x269a77a0,决战武汉,插画,4026,77,31,https://www.zhisheji.com/uc_server/data/avatar/000/16/15/16_avatar_small.jpg,南安镇阿毅
https://img.zhisheji.com/Fup-pw1vdQUdc0dLFF3dd0WP6eAv?imageMogr2/thumbnail/600x/crop/!290x181a303a71,WallaWalla新加坡海南鸡,平面-品牌,3831,63,23,https://www.zhisheji.com/uc_server/data/avatar/000/52/80/88_avatar_small.jpg,THEQ_Desig
https://img.zhisheji.com/FgGFCZnl15vMpu_4_g6U7_ZJ2-rz?imageMogr2/quality/100/sharpen/1/thumbnail/290x/crop/!290x180,lookbook,摄影-人像,3174,56,26,https://www.zhisheji.com/uc_server/data/avatar/000/17/10/18_avatar_small.jpg,黑白君
https://img.zhisheji.com/FhSyzvDk4mxzNamb5_RXAqQqELYB?imageMogr2/quality/100/sharpen/1/thumbnail/290x/crop/!290x180,【2019品牌精选合集】,平面-品牌,4623,55,50,https://www.zhisheji.com/uc_server/data/avatar/000/44/69/43_avatar_small.jpg,你可以叫我疯子
https://img.zhisheji.com/Fo8a8qmMUYi7OJndO984JUSHh6xX?imageMogr2/quality/100/sharpen/1/thumbnail/290x/crop/!290x180,汤臣杰逊【VVC遮阳帽品牌新视觉作品分享】,详情页-户外运动,8186,185,57,https://www.zhisheji.com/uc_server/data/avatar/000/06/28/76_avatar_small.jpg,汤臣杰逊
https://img.zhisheji.com/Ftm1cnMucnmq2ImxW9grO6lwaiDr?imageMogr2/quality/100/sharpen/1/thumbnail/290x/crop/!290x180,韩国现代（HYUNDAI）电商品牌视觉全案,详情页-手机数码,7295,107,40,https://www.zhisheji.com/uc_server/data/avatar/000/12/60/63_avatar_small.jpg,圣思羽品牌策划
https://img.zhisheji.com/Fm0j25x3pQZ4UA_yNXYDi7z5qK3l?imageMogr2/quality/100/sharpen/1/thumbnail/290x/crop/!290x180,小优果酿 X foodography,摄影-产品,5006,57,21,https://www.zhisheji.com/uc_server/data/avatar/000/35/42/06_avatar_small.jpg,FOODOGRAPH
https://img.zhisheji.com/Fh_841MXy0lMwGoU_jLkft74XPI2?imageMogr2/thumbnail/600x/crop/!600x375a0a41,异能教头们,平面-吉祥物,2317,57,22,https://www.zhisheji.com/uc_server/data/avatar/000/51/59/61_avatar_small.jpg,Aurblis品牌设
https://img.zhisheji.com/Fp6ypxOL2UC62tBmS9oYcLY8w2Ed?imageMogr2/quality/100/sharpen/1/thumbnail/290x/crop/!290x180,迈仕大迈IP / 三种形象设计,三维/C4D,5351,90,28,https://www.zhisheji.com/uc_server/data/avatar/000/39/77/90_avatar_small.jpg,圣歌视觉
https://img.zhisheji.com/Fh8sd-Ph0EKIgA41wwA8q3WqNJ8h?imageMogr2/quality/100/sharpen/1/thumbnail/290x/crop/!290x180,朴素／返朴歸真（字选集）,平面-字体设计,2469,33,16,https://www.zhisheji.com/uc_server/data/avatar/000/39/49/23_avatar_small.jpg,返朴歸真
https://img.zhisheji.com/Ftm70SetdzWLIGf4gqre0-10mi3G?imageMogr2/quality/100/sharpen/1/thumbnail/290x/crop/!290x180,【戊辰設計】字体设计汇总,平面-字体设计,2220,26,15,https://www.zhisheji.com/uc_server/data/avatar/000/39/01/98_avatar_small.jpg,張小波
https://img.zhisheji.com/Ftjm0AMP1VA3L1ZzHbg2ATfNRMuf?imageMogr2/quality/100/sharpen/1/thumbnail/290x/crop/!290x180,字在【02】,平面-字体设计,2961,39,20,https://www.zhisheji.com/uc_server/data/avatar/000/40/77/60_avatar_small.jpg,我是杨柳啊
https://img.zhisheji.com/FgKnUSSc_Ce3NBXDheSlxjGFaquT?imageMogr2/quality/100/sharpen/1/thumbnail/290x/crop/!290x180,Font design-字体集,平面-字体设计,2427,44,25,https://www.zhisheji.com/uc_server/data/avatar/000/17/73/77_avatar_small.jpg,柬埔寨的临时工
https://img.zhisheji.com/FiDtTv3COonTP2IrznsKnJK9Vz11?imageMogr2/quality/100/sharpen/1/thumbnail/290x/crop/!290x180,WISEMIND-跑跑卡丁车,平面-海报,6363,110,30,https://www.zhisheji.com/uc_server/data/avatar/000/38/00/85_avatar_small.jpg,WISEMIND
https://img.zhisheji.com/20200315181752vnC0B.jpg?imageMogr2/quality/100/sharpen/1/thumbnail/290x/crop/!290x180,平面设计中的格式塔与视知觉原理,文章/经验,6327,66,24,https://www.zhisheji.com/uc_server/data/avatar/000/40/58/30_avatar_small.jpg,义兵哥哥
https://img.zhisheji.com/Fj2cy8QKuik8wM5bZVuBl6_pvjir?imageMogr2/quality/100/sharpen/1/thumbnail/290x/crop/!290x180,ZEEHO,网页-企业官网,4023,42,17,https://www.zhisheji.com/uc_server/data/avatar/000/04/03/10_avatar_small.jpg,come on
https://img.zhisheji.com/FoVBjEZEyGJm6k0ZpZbaUovlDrM7?imageMogr2/quality/100/sharpen/1/thumbnail/290x/crop/!290x180,字体设计 · Typography,平面-字体设计,3478,37,10,https://www.zhisheji.com/uc_server/data/avatar/000/35/21/50_avatar_small.jpg,帅帅许
https://img.zhisheji.com/FjhKPzbEGRuQ3eUvBzj4JBeGk-ew?imageMogr2/thumbnail/600x/crop/!386x241a104a52,三月手写书法字体,平面-字体设计,2436,27,6,https://www.zhisheji.com/uc_server/data/avatar/000/20/78/95_avatar_small.jpg,妙典设计
https://img.zhisheji.com/FoNezHH72Oljly_eEo6Gz8W7hxOi?imageMogr2/quality/100/sharpen/1/thumbnail/290x/crop/!290x180,我叫 MR'S KAREN,平面-吉祥物,5092,90,20,https://www.zhisheji.com/uc_server/data/avatar/000/35/77/23_avatar_small.jpg,涅磐创设
https://img.zhisheji.com/Fs_r4llLXrJwZ2ukOZA208y5N2Uh?imageMogr2/quality/100/sharpen/1/thumbnail/290x/crop/!290x180,hennyrue内衣品牌视觉升级,首页/专题-男装女装,7634,101,22,https://www.zhisheji.com/uc_server/data/avatar/000/13/78/40_avatar_small.jpg,candybridg
https://img.zhisheji.com/FlZr_rtQPhYlvmscuVJ_64M6u7vY?imageMogr2/thumbnail/600x/crop/!600x375a0a433,近期详情X3,详情页-护肤彩妆,8797,184,49,https://www.zhisheji.com/uc_server/data/avatar/000/34/11/83_avatar_small.jpg,余生C
https://img.zhisheji.com/Fi_BQ81OVCriQBMJ6JpeKam-3-zu?imageMogr2/quality/100/sharpen/1/thumbnail/290x/crop/!290x180,四大神兽文创设计,平面-包装设计,5206,59,32,https://www.zhisheji.com/uc_server/data/avatar/000/17/16/59_avatar_small.jpg,洛成
https://img.zhisheji.com/FgbyHU3hcLhezg9uBdD-xWPjasfl?imageMogr2/thumbnail/600x/crop/!290x181a243a587,全友京东双11品牌联合海报,三维/C4D,5511,53,15,https://www.zhisheji.com/uc_server/images/noavatar_small.gif,617164687
https://img.zhisheji.com/Fqgqfpz3iDA3twmXjxdNscLAKVY4?imageMogr2/quality/100/sharpen/1/thumbnail/290x/crop/!290x180,Meat grinder 一款绞肉机详情页,详情页-家电办公,7759,107,35,https://www.zhisheji.com/uc_server/data/avatar/000/12/62/51_avatar_small.jpg,Skrping
https://img.zhisheji.com/Flis5q8rFPKLgaCiywMJUwx7bgrm?imageMogr2/thumbnail/600x/crop/!600x375a0a196,产品表现——AIRPODS PRO,三维/C4D,6175,112,23,https://www.zhisheji.com/uc_server/data/avatar/000/42/61/45_avatar_small.jpg,杰克船长JK
https://img.zhisheji.com/FnRT0YKM6wRMB3qMgI27CePH_qBH?imageMogr2/quality/100/sharpen/1/thumbnail/290x/crop/!290x180,艾美特/东芝/腾讯详情合集x3,首页/专题-家电办公,7086,72,21,https://www.zhisheji.com/uc_server/data/avatar/000/00/78/15_avatar_small.jpg,松鼠视觉传媒
https://img.zhisheji.com/FnEoO_qXgTWrBLBsVH_rCEuUo_f3?imageMogr2/quality/100/sharpen/1/thumbnail/290x/crop/!290x180,母婴品牌视觉流程分享,首页/专题-母婴用品,6864,132,30,https://www.zhisheji.com/uc_server/data/avatar/000/02/27/96_avatar_small.jpg,叉视觉
https://img.zhisheji.com/FoplH5D3CO_GDeY14BGc2JUgzvIO?imageMogr2/quality/100/sharpen/1/thumbnail/290x/crop/!290x180,"真功夫兄弟品牌""韩拾林-石锅拌饭""",平面-品牌,4747,56,14,https://www.zhisheji.com/uc_server/data/avatar/000/22/15/65_avatar_small.jpg,郭榜荣
https://img.zhisheji.com/Fh8wV01PnPmXwThbsCzyvsZ-IHYK?imageMogr2/quality/100/sharpen/1/thumbnail/290x/crop/!290x180,2019我要打篮球片头视觉,三维/C4D,5224,54,18,https://www.zhisheji.com/uc_server/data/avatar/000/43/81/61_avatar_small.jpg,ZJMX
https://img.zhisheji.com/FtJSzL4Y4j1EjkaLbVCc1T6AXIoT?imageMogr2/thumbnail/600x/crop/!498x311a44a35,字体设计丨正能量词语,平面-字体设计,3779,50,27,https://www.zhisheji.com/uc_server/data/avatar/000/50/08/11_avatar_small.jpg,戴show
https://img.zhisheji.com/FhZ3utG4uOo-Ks1DGv6UXqPIb6oG?imageMogr2/quality/100/sharpen/1/thumbnail/290x/crop/!290x180,麻雀记-整理你的碎片信息,UI-APP,4896,38,14,https://www.zhisheji.com/uc_server/data/avatar/000/37/67/17_avatar_small.jpg,派大鑫
https://img.zhisheji.com/Fu95AHr_wtMRI3XdQkiArWNC_wjZ?imageMogr2/quality/100/sharpen/1/thumbnail/290x/crop/!290x180,IPhone 11 Pro 暗夜绿手机产品动画,三维/C4D,5322,49,36,https://www.zhisheji.com/uc_server/data/avatar/000/42/77/86_avatar_small.jpg,OJBK
https://img.zhisheji.com/FnWghizIfYPbzPhF9dFP9_smVMPM?imageMogr2/thumbnail/600x/crop/!459x287a63a28,小天马书法字体设计Vol.3,平面-字体设计,2043,22,16,https://www.zhisheji.com/uc_server/data/avatar/000/51/98/23_avatar_small.jpg,PONY小天马
https://img.zhisheji.com/Fl3Ja00fZtP2qqP7Fy0pXaQfV5ol?imageMogr2/quality/100/sharpen/1/thumbnail/290x/crop/!290x180,TICKTOYZ-ZOOCLUB DESIGN2020,三维/C4D,6165,100,27,https://www.zhisheji.com/uc_server/data/avatar/000/37/39/61_avatar_small.jpg,ICEH
https://img.zhisheji.com/FgrNyo0ffl8wqSBr-H4tbW5C4Ks8?imageMogr2/quality/100/sharpen/1/thumbnail/290x/crop/!290x180,黑白年代,平面-字体设计,1992,33,13,https://www.zhisheji.com/uc_server/data/avatar/000/24/07/34_avatar_small.jpg,迪升
https://img.zhisheji.com/FgXwaJ9eqY9yDMpc7cAxQg1iUgy5?imageMogr2/thumbnail/600x/crop/!415x259a92a10,apple music-新拟态概念设计,UI-APP,3681,30,26,https://www.zhisheji.com/uc_server/data/avatar/000/49/60/10_avatar_small.jpg,無我
https://img.zhisheji.com/Fg4_snR09ZuhU3OlI6tqCMvwe7x5?imageMogr2/thumbnail/600x/crop/!600x375a0a14,手写字体│2020第5发,平面-字体设计,2589,14,5,https://www.zhisheji.com/uc_server/data/avatar/000/36/14/41_avatar_small.jpg,白鸽手创
https://img.zhisheji.com/FoBMuc5NWqk7YanIaFREdO9g1rBm?imageMogr2/quality/100/sharpen/1/thumbnail/290x/crop/!290x180,详情页X4,详情页-家电办公,6111,79,28,https://www.zhisheji.com/uc_server/data/avatar/000/45/53/82_avatar_small.jpg,Yesiam
https://img.zhisheji.com/FiVUg4BsjXYGC1aQp7g3GdEN9bvt?imageMogr2/thumbnail/600x/crop/!514x321a38a47,二零年三月份手写字体,平面-字体设计,1854,16,8,https://www.zhisheji.com/uc_server/data/avatar/000/36/24/78_avatar_small.jpg,糖果雨
https://img.zhisheji.com/Fkln0YMN82tNlFHQ8n83UNq8yjZd?imageMogr2/quality/100/sharpen/1/thumbnail/290x/crop/!290x180,粒上皇女神节,首页/专题-汇吃美食,5460,125,22,https://www.zhisheji.com/uc_server/data/avatar/000/05/41/97_avatar_small.jpg,上宫小剑
https://img.zhisheji.com/FiseSKhNyS_Yv8BIRO3hxNCQiFSL?imageMogr2/quality/100/sharpen/1/thumbnail/290x/crop/!290x180,2019年详情集合（1）,首页/专题-其它,6489,79,25,https://www.zhisheji.com/uc_server/data/avatar/000/09/16/68_avatar_small.jpg,A_LingXS
https://img.zhisheji.com/Fj1EvmAep3rW1bChhgkwVg15WGEj?imageMogr2/quality/100/sharpen/1/thumbnail/290x/crop/!290x180,字魔營 ｜ 字體設計 Ⅰ,平面-字体设计,1230,23,11,https://www.zhisheji.com/uc_server/data/avatar/000/36/88/86_avatar_small.jpg,黄一闪
https://img.zhisheji.com/Fv09QLdNEYeox6HZx4WKQqCKfJbe?imageMogr2/quality/100/sharpen/1/thumbnail/290x/crop/!290x180,让宝宝爱上刷牙 | 艾诗摩尔 X foodography,摄影-产品,5297,48,9,https://www.zhisheji.com/uc_server/data/avatar/000/35/42/06_avatar_small.jpg,FOODOGRAPH
https://img.zhisheji.com/FpH8AXbJPuFT9y77YYK490-BjzPu?imageMogr2/quality/100/sharpen/1/thumbnail/290x/crop/!290x180,后浪【彩迪电热毯品牌策划】,详情页-家居家纺,7153,165,39,https://www.zhisheji.com/uc_server/data/avatar/000/46/44/02_avatar_small.jpg,后浪品牌策划
https://img.zhisheji.com/FgMezPElDOlmiFNhlL12iD3z16ep?imageMogr2/quality/100/sharpen/1/thumbnail/290x/crop/!290x180,usmile2020作品合集,详情页-护肤彩妆,5737,65,21,https://www.zhisheji.com/uc_server/data/avatar/000/00/36/52_avatar_small.jpg,Bain29
https://img.zhisheji.com/Fqp8Mihrd4L0CF5tWH09hcjk_bkW?imageMogr2/quality/100/sharpen/1/thumbnail/290x/crop/!290x180,梅红C4D 每日图形设计 (二十）,三维/C4D,3714,21,8,https://www.zhisheji.com/uc_server/data/avatar/000/40/62/84_avatar_small.jpg,梅红提爱克斯
https://img.zhisheji.com/Fs9HRcy4NaC5yboXLielk_g3Tsgs?imageMogr2/thumbnail/600x/crop/!352x220a124a34,古诗词字体设计-黄鹤楼,平面-字体设计,2052,21,5,https://www.zhisheji.com/uc_server/data/avatar/000/50/10/02_avatar_small.jpg,蛋疼之路
https://img.zhisheji.com/FntZwZH1X8HvpwTjo3o7DwwdUlgX?imageMogr2/quality/100/sharpen/1/thumbnail/290x/crop/!290x180,母婴详情页合集 策划-拍摄-设计-视频 黑衣人视觉,详情页-母婴用品,7043,47,12,https://www.zhisheji.com/uc_server/data/avatar/000/13/40/47_avatar_small.jpg,黑衣人视觉
https://img.zhisheji.com/Fvu8ikcHfhv6Z1200PO82fpTSFvV?imageMogr2/quality/100/sharpen/1/thumbnail/290x/crop/!290x180,南京小吃排行榜TOP1—嗨皮儿·面皮游乐园品牌升级全案,平面-品牌,2605,28,5,https://www.zhisheji.com/uc_server/data/avatar/000/38/70/64_avatar_small.jpg,沐山天团
https://img.zhisheji.com/FrNECEKlqlWoFAZWBfzYjLabsdsk?imageMogr2/quality/100/sharpen/1/thumbnail/290x/crop/!290x180,WISEMIND - 拒宅嘉年华,插画,3822,39,9,https://www.zhisheji.com/uc_server/data/avatar/000/38/00/85_avatar_small.jpg,WISEMIND
https://img.zhisheji.com/FtpV2Yd7RgIrL53SbPDd8Yas-gMT?imageMogr2/quality/100/sharpen/1/thumbnail/290x/crop/!290x180,地球加油！力虎2019部分作品合集,首页/专题-其它,7014,47,22,https://www.zhisheji.com/uc_server/data/avatar/000/07/72/92_avatar_small.jpg,力虎广告
https://img.zhisheji.com/FpZxe0oUN9A8Jni6Qcm9jxka5NuG?imageMogr2/thumbnail/600x/crop/!559x349a26a0,【SOUNDPEATS 耳机动画（二）】,三维/C4D,3817,28,22,https://www.zhisheji.com/uc_server/data/avatar/000/23/49/58_avatar_small.jpg,娃紫
https://img.zhisheji.com/FvR5T_Z7kfhBCn0wdVC4qX4S8lmY?imageMogr2/quality/100/sharpen/1/thumbnail/290x/crop/!290x180,书法字集#无情#<60>,平面-字体设计,1474,22,7,https://www.zhisheji.com/uc_server/data/avatar/000/43/35/64_avatar_small.jpg,冬兴
https://img.zhisheji.com/FtgloPHYYu8aqSDHRE4pjxJ5Xg05?imageMogr2/quality/100/sharpen/1/thumbnail/290x/crop/!290x180,详情页合集x4,详情页-手机数码,6574,62,22,https://www.zhisheji.com/uc_server/data/avatar/000/14/02/63_avatar_small.jpg,@子法
https://img.zhisheji.com/Fv-RbFRcDQo3s7xo6Fb4AN2OhgVE?imageMogr2/quality/100/sharpen/1/thumbnail/290x/crop/!290x180,电商摄影 | 时克 X foodography,摄影-产品,5941,52,12,https://www.zhisheji.com/uc_server/data/avatar/000/35/42/06_avatar_small.jpg,FOODOGRAPH
https://img.zhisheji.com/loTriduLCUV3WKZL2qa9kMMz0jnb?imageMogr2/thumbnail/600x/crop/!600x375a0a1914,19年双十一,首页/专题-鞋类箱包,5140,97,19,https://www.zhisheji.com/uc_server/data/avatar/000/52/49/98_avatar_small.jpg,Sancia
https://img.zhisheji.com/Fhz5oHYJLJqsI7F3c8yOZi-xFLy1?imageMogr2/quality/100/sharpen/1/thumbnail/290x/crop/!290x180,《鸡鸡鸭鸭》IP图库,平面-吉祥物,2595,34,14,https://www.zhisheji.com/uc_server/data/avatar/000/42/40/32_avatar_small.jpg,牛小韩
https://img.zhisheji.com/FgoA_3Qtk5bCjoVwhR6FI-qTje9e?imageMogr2/quality/100/sharpen/1/thumbnail/290x/crop/!290x180,旅图记北京--龙的传城,插画,2310,39,15,https://www.zhisheji.com/uc_server/data/avatar/000/17/72/93_avatar_small.jpg,老火炕
https://img.zhisheji.com/Fi0DXDQEKz_AiHuBQuGboLuPwC79?imageMogr2/quality/100/sharpen/1/thumbnail/290x/crop/!290x180,「 LOGO DESIGN 」标志设计,平面-LOGO,4105,28,13,https://www.zhisheji.com/uc_server/data/avatar/000/52/48/53_avatar_small.jpg,忝臻
https://img.zhisheji.com/Fi8cnEl4wiNgkPwgqo5c6ozf9u3_?imageMogr2/quality/100/sharpen/1/thumbnail/290x/crop/!290x180,字体设计【二十】,平面-字体设计,5029,23,8,https://www.zhisheji.com/uc_server/data/avatar/000/52/00/63_avatar_small.jpg,不浪漫网名
https://img.zhisheji.com/Fnbt50F8ZDkS4bSAB---_TbFMyq_?imageMogr2/thumbnail/600x/crop/!520x325a39a268,Day Plan Routine 2020,平面-字体设计,3360,34,10,https://www.zhisheji.com/uc_server/data/avatar/000/21/51/66_avatar_small.jpg,探先生
https://img.zhisheji.com/FsJNYg33bCjmBObTYE6VA-TeVgVR?imageMogr2/quality/100/sharpen/1/thumbnail/290x/crop/!290x180,OC渲染,三维/C4D,5796,68,17,https://www.zhisheji.com/uc_server/data/avatar/000/48/74/98_avatar_small.jpg,-6
https://img.zhisheji.com/FvKijv3IYpoEcd4BEcmgRMtGjdU1?imageMogr2/quality/100/sharpen/1/thumbnail/290x/crop/!290x180,插画作品小结,插画,5614,101,28,https://www.zhisheji.com/uc_server/data/avatar/000/43/74/61_avatar_small.jpg,霍啾啾chirps
https://img.zhisheji.com/lgkrUQtpSCrM6Dlj5PDm5Mn9HVtS?imageMogr2/thumbnail/600x/crop/!470x294a59a12,【WK小王子精品移动电源】产品视觉动画——巨人谷制作,三维/C4D,9209,229,76,https://www.zhisheji.com/uc_server/data/avatar/000/43/67/15_avatar_small.jpg,巨人谷GIRENKU
https://img.zhisheji.com/FqhxdcvdbsK4OEwGnrEqMujyZM2L?imageMogr2/quality/100/sharpen/1/thumbnail/290x/crop/!290x180,网剧两世欢影视海报,平面-海报,6163,126,16,https://www.zhisheji.com/uc_server/data/avatar/000/14/19/28_avatar_small.jpg,刘迪/BRUCE
https://img.zhisheji.com/Fg_-OUq2qTlpdqJhTpHClptUweaH?imageMogr2/quality/100/sharpen/1/thumbnail/290x/crop/!290x180,OGP 首页全案,首页/专题-护肤彩妆,6060,98,13,https://www.zhisheji.com/uc_server/data/avatar/000/10/05/39_avatar_small.jpg,文渊设计团队
https://img.zhisheji.com/FiHx3Sbch2JcxpYUtoj6kPG1vx_6?imageMogr2/quality/100/sharpen/1/thumbnail/290x/crop/!290x180,Vigor 运动体验/视觉设计,UI-APP,5651,54,21,https://www.zhisheji.com/uc_server/data/avatar/000/38/33/71_avatar_small.jpg,开到茶花
https://img.zhisheji.com/FixsRNj1m5C-929kPs4wkM7TmARH?imageMogr2/quality/100/sharpen/1/thumbnail/290x/crop/!290x180,柴霖霖插画作品-九火宫-Chinese elements,插画,5620,84,13,https://www.zhisheji.com/uc_server/data/avatar/000/43/39/23_avatar_small.jpg,柴霖霖
https://img.zhisheji.com/FrTZtCIcx1IAW0V9mp1w9mOZoeQ4?imageMogr2/quality/100/sharpen/1/thumbnail/290x/crop/!290x180,艾池字迹-商稿精选,平面-字体设计,2289,25,10,https://www.zhisheji.com/uc_server/data/avatar/000/44/76/58_avatar_small.jpg,艾池 AICH
https://img.zhisheji.com/FgtOpZaWfgkxgXehtQnSUANXFoHb?imageMogr2/quality/100/sharpen/1/thumbnail/290x/crop/!290x180,黄金饰品详情设计视觉合集x2,详情页-珠宝配饰,6424,81,27,https://www.zhisheji.com/uc_server/data/avatar/000/01/76/71_avatar_small.jpg,茄子电商设计
https://img.zhisheji.com/FtFhWNtODl9NVhK4kLLmxuA6KKDA?imageMogr2/quality/100/sharpen/1/thumbnail/290x/crop/!290x180,皮三月,平面-字体设计,1740,20,5,https://www.zhisheji.com/uc_server/data/avatar/000/24/07/34_avatar_small.jpg,迪升
https://img.zhisheji.com/FnZVxQvrFOB-1dIzEW7Ijg1soTRY?imageMogr2/quality/100/sharpen/1/thumbnail/290x/crop/!290x180,后浪【微笑鲨手电筒品牌策划】,详情页-户外运动,6177,114,53,https://www.zhisheji.com/uc_server/data/avatar/000/46/44/02_avatar_small.jpg,后浪品牌策划
https://img.zhisheji.com/Fm0s22nYvh6Qo55AvqfS6u8MXblP?imageMogr2/quality/100/sharpen/1/thumbnail/290x/crop/!290x180,LOGO DESIGN IN 2019,平面-LOGO,2532,18,7,https://www.zhisheji.com/uc_server/data/avatar/000/44/44/84_avatar_small.jpg,Moz Design
https://img.zhisheji.com/Fpt7j09odL4xZnJWz8zmCRTB7Gpk?imageMogr2/quality/100/sharpen/1/thumbnail/290x/crop/!290x180,赛博朋克2077视觉海报（2）,平面-海报,4980,47,11,https://www.zhisheji.com/uc_server/data/avatar/000/38/17/18_avatar_small.jpg,木有空空
https://img.zhisheji.com/lkEN9_25jVoxSbfNUrhLPtn79wi1?imageMogr2/thumbnail/600x/crop/!290x181a159a214,抖音 | DOU来读书,平面-海报,5243,74,8,https://www.zhisheji.com/uc_server/data/avatar/000/52/42/86_avatar_small.jpg,泽lizer
https://img.zhisheji.com/FoMFMlDLmOcezntzH2WdN-JWZ6Jm?imageMogr2/quality/100/sharpen/1/thumbnail/290x/crop/!290x180,WISEMIND-体育类作品汇总,平面-海报,2901,30,6,https://www.zhisheji.com/uc_server/data/avatar/000/38/00/85_avatar_small.jpg,WISEMIND
https://img.zhisheji.com/FkOrbJZEKguSUEI0y3ToT7VTfMzy?imageMogr2/quality/100/sharpen/1/thumbnail/290x/crop/!290x180,三只松鼠2019品牌视觉升级（VI+专题合集）,首页/专题-汇吃美食,5770,83,12,https://www.zhisheji.com/uc_server/data/avatar/000/13/78/40_avatar_small.jpg,candybridg
https://img.zhisheji.com/FjekOT_OYzA28rwNNEUnE6Upd1ko?imageMogr2/quality/100/sharpen/1/thumbnail/290x/crop/!290x180,微观世界运动会 | 汤臣倍健 X foodography,摄影-产品,4909,48,16,https://www.zhisheji.com/uc_server/data/avatar/000/35/42/06_avatar_small.jpg,FOODOGRAPH
https://img.zhisheji.com/FrIr5Px_iiOn-iGkgj7dbxGjkZET?imageMogr2/quality/100/sharpen/1/thumbnail/290x/crop/!290x180,摄影+修图小结,摄影-修图后期,6079,84,53,https://www.zhisheji.com/uc_server/data/avatar/000/17/10/18_avatar_small.jpg,黑白君
https://img.zhisheji.com/FhBkdn-16JJC-n92kocD_R2shzFT?imageMogr2/quality/100/sharpen/1/thumbnail/290x/crop/!290x180,阿孤 - 完整版,三维/C4D,3415,51,9,https://www.zhisheji.com/uc_server/data/avatar/000/52/28/17_avatar_small.jpg,拾伍
https://img.zhisheji.com/FnGLqv7wR7ATARlzHEXi6YnBYQtC?imageMogr2/quality/100/sharpen/1/thumbnail/290x/crop/!290x180,Midea Family Q版形象大变身,平面-吉祥物,1656,22,5,https://www.zhisheji.com/uc_server/data/avatar/000/43/68/17_avatar_small.jpg,Lexkon Liu
https://img.zhisheji.com/FtEwV-YubjYP6s9KI_5ugWskPvkF?imageMogr2/quality/100/sharpen/1/thumbnail/290x/crop/!290x180,字在[01],平面-字体设计,3768,38,9,https://www.zhisheji.com/uc_server/data/avatar/000/40/77/60_avatar_small.jpg,我是杨柳啊
https://img.zhisheji.com/FvfBb1jJXIuyd3-mlBxJuEzAI92L?imageMogr2/quality/100/sharpen/1/thumbnail/290x/crop/!290x180,LAPRO良鹏传媒2019Tijump天骏两款详情策划合集,首页/专题-家电办公,5079,50,10,https://www.zhisheji.com/uc_server/data/avatar/000/34/60/35_avatar_small.jpg,LAPRO良鹏传媒
https://img.zhisheji.com/Fr1369GYfWdWFeyfbzLWMPkOsm2n?imageMogr2/quality/100/sharpen/1/thumbnail/290x/crop/!290x180,TAMPERE温度系产品详情页,详情页-家电办公,7581,90,22,https://www.zhisheji.com/uc_server/data/avatar/000/10/46/87_avatar_small.jpg,Circusmans
https://img.zhisheji.com/Fg10PwlqtFo7DiniXrcoHW86AaJS?imageMogr2/quality/100/sharpen/1/thumbnail/290x/crop/!290x180,Ape潮品品牌设计,平面-品牌,3122,18,5,https://www.zhisheji.com/uc_server/data/avatar/000/17/32/68_avatar_small.jpg,MR磊
https://img.zhisheji.com/Flx7iSv8xQ6Tbx9xgwz5wxT3OVsT?imageMogr2/quality/100/sharpen/1/thumbnail/290x/crop/!290x180,手写书法字体,平面-字体设计,2055,15,6,https://www.zhisheji.com/uc_server/data/avatar/000/21/24/59_avatar_small.jpg,依然浚
https://img.zhisheji.com/FpGUkpbxXVMnyTDC6jP2c6RtgZOt?imageMogr2/quality/100/sharpen/1/thumbnail/290x/crop/!290x180,上古之神丨OLD GOD,三维/C4D,5019,67,17,https://www.zhisheji.com/uc_server/data/avatar/000/48/27/58_avatar_small.jpg,火贼
https://img.zhisheji.com/FpytDxlovM16T-xizAwuCl_FWQiA?imageMogr2/quality/100/sharpen/1/thumbnail/290x/crop/!290x180,2020的练习创作,插画,2977,58,11,https://www.zhisheji.com/uc_server/data/avatar/000/15/61/41_avatar_small.jpg,插画师卷耳
https://img.zhisheji.com/Ftmvh8C7DpG7Q9FnJQxYyMmvbh0d?imageMogr2/quality/100/sharpen/1/thumbnail/290x/crop/!290x180,48小时恒温 | 美的母婴 X foodography,摄影-产品,7950,90,17,https://www.zhisheji.com/uc_server/data/avatar/000/35/42/06_avatar_small.jpg,FOODOGRAPH
https://img.zhisheji.com/FonMpiqSqeHNx7oAa5DSjI_R09kv?imageMogr2/thumbnail/600x/crop/!600x375a0a4,字体&版式试验-Typeface&Format,平面-字体设计,2860,34,9,https://www.zhisheji.com/uc_server/data/avatar/000/47/86/20_avatar_small.jpg,许卓凡_XUZF
https://img.zhisheji.com/FrBvhMA7wZ69upk5D2Cljln_xGKi?imageMogr2/quality/100/sharpen/1/thumbnail/290x/crop/!290x180,武汉加油  I  待春来 待花开,插画,5146,90,16,https://www.zhisheji.com/uc_server/data/avatar/000/45/24/26_avatar_small.jpg,精分少女-巧珍珍
https://img.zhisheji.com/FmMaPpRQsT7e_2Tfvv_OdQjNI4Hv?imageMogr2/quality/100/sharpen/1/thumbnail/290x/crop/!290x180,这场战疫,插画,5640,94,12,https://www.zhisheji.com/uc_server/data/avatar/000/52/31/93_avatar_small.jpg,望晓
https://img.zhisheji.com/lo4gzd4FYcgDJnz3sQ-b4Vzdkf6r?imageMogr2/thumbnail/600x/crop/!600x375a0a406,疫戰到底，加油武漢，加油中國！,三维/C4D,5152,85,21,https://www.zhisheji.com/uc_server/data/avatar/000/48/62/84_avatar_small.jpg,HJ伟豪
https://img.zhisheji.com/Ft-rg7SmXHiG14QVEdpp1tZNz2_2?imageMogr2/quality/100/sharpen/1/thumbnail/290x/crop/!290x180,三口一画｜企业VI设计,平面-品牌,3676,31,3,https://www.zhisheji.com/uc_server/data/avatar/000/52/31/06_avatar_small.jpg,ZAOWOO_Des
https://img.zhisheji.com/Ft1Yz7CSg1G-mLai_TdtnLNizRet?imageMogr2/quality/100/sharpen/1/thumbnail/290x/crop/!290x180,零听8款蒸汽眼罩香型插画,插画,6080,60,11,https://www.zhisheji.com/uc_server/data/avatar/000/04/64/01_avatar_small.jpg,半手绘
https://img.zhisheji.com/Fq9sqT0nnm_FZgJoG8wAZnlQVqlO?imageMogr2/quality/100/sharpen/1/thumbnail/290x/crop/!290x180,进阶の桃君STEEL&PEACH,平面-品牌,2756,13,8,https://www.zhisheji.com/uc_server/data/avatar/000/52/29/76_avatar_small.jpg,小齐战记
https://img.zhisheji.com/FpMKGfIHXS_3cDSgFwBWF-WsePX_?imageMogr2/quality/100/sharpen/1/thumbnail/290x/crop/!290x180,2月手写,平面-字体设计,4536,49,14,https://www.zhisheji.com/uc_server/data/avatar/000/51/56/42_avatar_small.jpg,康康不加香菜
https://img.zhisheji.com/FnJxgU2vGP1ZFZapvyJZEjlRwxWc?imageMogr2/quality/100/sharpen/1/thumbnail/290x/crop/!290x180,【2019至2020】练习合集,插画,3549,47,14,https://www.zhisheji.com/uc_server/data/avatar/000/23/55/53_avatar_small.jpg,莫莫8941
https://img.zhisheji.com/FhhVcR8iqPxh8b5mqyHcVk_mDKZX?imageMogr2/quality/100/sharpen/1/thumbnail/290x/crop/!290x180,SA9527-抗疫插画 & 武汉加油！,插画,5913,103,8,https://www.zhisheji.com/uc_server/data/avatar/000/02/96/08_avatar_small.jpg,SA九五二七
https://img.zhisheji.com/FsY9iHHMepPqsN6mJUI9MTLJzl_G?imageMogr2/quality/100/sharpen/1/thumbnail/290x/crop/!290x180,阴阳师--几何化,三维/C4D,3603,43,5,https://www.zhisheji.com/uc_server/data/avatar/000/52/28/17_avatar_small.jpg,拾伍
https://img.zhisheji.com/Fhn3Lw7gaojrxVn2t5HP_FzUSmxr?imageMogr2/quality/100/sharpen/1/thumbnail/290x/crop/!290x180,《月里 . 嫦娥》,插画,5642,106,27,https://www.zhisheji.com/uc_server/data/avatar/000/13/30/76_avatar_small.jpg,简小简
https://img.zhisheji.com/FqglBg1tnn3UT2UY5n3YTzS_-Ttw?imageMogr2/thumbnail/600x/crop/!600x375a0a140,巴黎香薰品牌Diptyque x 设计师Olaf Hajek,插画,5067,27,3,https://www.zhisheji.com/uc_server/data/avatar/000/47/57/77_avatar_small.jpg,AG精品视觉设计
https://img.zhisheji.com/FvJoUjMUpUIyCJLFQcDv5FGjaPFy?imageMogr2/thumbnail/600x/crop/!290x181a116a58,警报解除,插画,3468,52,17,https://www.zhisheji.com/uc_server/data/avatar/000/25/05/53_avatar_small.jpg,小猴耳朵
https://img.zhisheji.com/FludP4Y1hH1kI7IQ4kpCx2Na_70E?imageMogr2/quality/100/sharpen/1/thumbnail/290x/crop/!290x180,年货节杞利元设计分享,首页/专题-汇吃美食,5654,94,10,https://www.zhisheji.com/uc_server/data/avatar/000/49/65/48_avatar_small.jpg,九边行
https://img.zhisheji.com/FpLTA8NZB8YQIEL_y2MCGwbJRJjD?imageMogr2/quality/100/sharpen/1/thumbnail/290x/crop/!290x180,字体设计丨附源文件可商用,平面-字体设计,4341,50,10,https://www.zhisheji.com/uc_server/data/avatar/000/45/45/03_avatar_small.jpg,麦诺HOTAO
https://img.zhisheji.com/Fk-8gKgARytvs1DBUD3asuGxkOxy?imageMogr2/quality/100/sharpen/1/thumbnail/290x/crop/!290x180,部分19-20作品集,首页/专题-其它,8349,175,7,https://www.zhisheji.com/uc_server/data/avatar/000/38/22/48_avatar_small.jpg,黑马Designer
https://img.zhisheji.com/Fuul77nuOVWmJ641t5D-BW2t9ndA?imageMogr2/quality/100/sharpen/1/thumbnail/290x/crop/!290x180,2020-字体精选,平面-字体设计,3555,38,25,https://www.zhisheji.com/uc_server/data/avatar/000/20/94/04_avatar_small.jpg,邓伟彬
https://img.zhisheji.com/FpqqhYz7xJGbh6ZcICNE_Z-ZmAwP?imageMogr2/quality/100/sharpen/1/thumbnail/290x/crop/!290x180,2019插画作品总结,插画,2596,23,5,https://www.zhisheji.com/uc_server/data/avatar/000/16/15/16_avatar_small.jpg,南安镇阿毅
https://img.zhisheji.com/20200216115029KNYpt.jpg?imageMogr2/quality/100/sharpen/1/thumbnail/290x/crop/!290x180,Martin_k 场景化版式编排的另一种创意呈现,文章/经验,6817,52,7,https://www.zhisheji.com/uc_server/data/avatar/000/01/89/81_avatar_small.jpg,16创艺
https://img.zhisheji.com/Fs2sjlk7NefmGKzRGV09IA5q8nQZ?imageMogr2/quality/100/sharpen/1/thumbnail/290x/crop/!290x180,爱华仕详情页视觉策划分享,详情页-其它,5735,69,14,https://www.zhisheji.com/uc_server/data/avatar/000/14/45/57_avatar_small.jpg,Mrfeng冯先生
https://img.zhisheji.com/Fm-xO_UM5CbVi_ygAnDgZSoLKsfr?imageMogr2/quality/100/sharpen/1/thumbnail/290x/crop/!290x180,品牌设计【王子拉茶 | 正宗手工拉茶】X 食摄集,平面-品牌,3510,33,10,https://www.zhisheji.com/uc_server/data/avatar/000/35/42/06_avatar_small.jpg,FOODOGRAPH
https://img.zhisheji.com/FlmTbficV4sfTK4PGr5Vbg-2c7jE?imageMogr2/quality/100/sharpen/1/thumbnail/290x/crop/!290x180,小公主与大梦想 ｜ 2平米 ｜ 2019年12月线上视觉策划,首页/专题-家装建材,9304,244,27,https://www.zhisheji.com/uc_server/data/avatar/000/26/58/59_avatar_small.jpg,波子是也
https://img.zhisheji.com/FojgHLacWyrUUzn9x9bTLucQQ7x2?imageMogr2/quality/100/sharpen/1/thumbnail/290x/crop/!290x180,在家办公的设计师如何提高工作效率，这三步告诉你,其它,5832,37,7,https://www.zhisheji.com/uc_server/data/avatar/000/18/21/41_avatar_small.jpg,张增顺
https://img.zhisheji.com/Fg5h-6ECqg9BPEpE1XohllKFE5yl?imageMogr2/thumbnail/600x/crop/!600x375a0a17,随心收纳的舒适足浴盆〡乐范 & UNCLEFOTO,摄影-产品,4377,24,12,https://www.zhisheji.com/uc_server/data/avatar/000/52/22/28_avatar_small.jpg,UNCLEFOTO
https://img.zhisheji.com/Foa17HQ1W_B031Du8Tzwk1vvRHP-?imageMogr2/thumbnail/600x/crop/!600x375a0a422,充电宝+热水器 详情页x2,详情页-其它,6192,48,12,https://www.zhisheji.com/uc_server/data/avatar/000/47/26/25_avatar_small.jpg,GLSHEJISH
https://img.zhisheji.com/FlPyzKikszvSVpyrCnsOu1Q6DsFA?imageMogr2/quality/100/sharpen/1/thumbnail/290x/crop/!290x180,民国风-复古美术字体,平面-字体设计,2907,27,3,https://www.zhisheji.com/uc_server/data/avatar/000/21/24/59_avatar_small.jpg,依然浚
https://img.zhisheji.com/Fn9kNkNK6o0QuIi6KB86LThz-7Bw?imageMogr2/quality/100/sharpen/1/thumbnail/290x/crop/!290x180,《Aygol fashion》布料短片,三维/C4D,5752,63,23,https://www.zhisheji.com/uc_server/data/avatar/000/51/33/36_avatar_small.jpg,Aygol
https://img.zhisheji.com/FkBz1ySPeO9E2Cp8b2qHzt3mRnV-?imageMogr2/quality/100/sharpen/1/thumbnail/290x/crop/!290x180,摇滚正当潮,插画,5123,57,5,https://www.zhisheji.com/uc_server/data/avatar/000/40/65/50_avatar_small.jpg,姚叉叉
https://img.zhisheji.com/FmzujDjdYc_qnRVytAQA3Hwd8zPb?imageMogr2/quality/100/sharpen/1/thumbnail/290x/crop/!290x180,视觉设计作品集,平面-包装设计,3360,30,7,https://www.zhisheji.com/uc_server/data/avatar/000/19/50/53_avatar_small.jpg,勤劳的猪坚强
https://img.zhisheji.com/FuwKT7nSy7--kRKRkOlNdY-Ifb_U?imageMogr2/thumbnail/600x/crop/!600x375a0a0,the hottest style trend,摄影-人像,4425,30,9,https://www.zhisheji.com/uc_server/data/avatar/000/44/72/21_avatar_small.jpg,AFAT阿发特摄影
https://img.zhisheji.com/FmPk8mdLFobJDnxpne_rq4LfD1pc?imageMogr2/thumbnail/600x/crop/!600x375a0a129,著名啤酒品牌Tiger Beer x GWAW,海报-汇吃美食,2127,17,1,https://www.zhisheji.com/uc_server/data/avatar/000/47/57/77_avatar_small.jpg,AG精品视觉设计
https://img.zhisheji.com/FiNECMidAyVKK6HHVHfo1GiS2_9F?imageMogr2/quality/100/sharpen/1/thumbnail/290x/crop/!290x180,织梦者列车,三维/C4D,5104,66,22,https://www.zhisheji.com/uc_server/data/avatar/000/48/23/67_avatar_small.jpg,WTP发仔
https://img.zhisheji.com/FqYADWWmKn8Ll8Xkkw7fbWs5R1Vq?imageMogr2/thumbnail/600x/crop/!600x375a0a0,坚定信心同舟共济,平面-字体设计,2772,31,18,https://www.zhisheji.com/uc_server/data/avatar/000/51/56/42_avatar_small.jpg,康康不加香菜
https://img.zhisheji.com/FpmmasOnrM4tv4RWErxn6upFPiNi?imageMogr2/thumbnail/600x/crop/!462x289a80a29,蒲尧手写字集,平面-字体设计,2271,26,2,https://www.zhisheji.com/uc_server/data/avatar/000/44/08/69_avatar_small.jpg,蒲尭
https://img.zhisheji.com/FulxhXjPbueYVhRlEhksnQas1oZ5?imageMogr2/quality/100/sharpen/1/thumbnail/290x/crop/!290x180,翁仲之作,插画,3462,124,15,https://www.zhisheji.com/uc_server/data/avatar/000/38/22/48_avatar_small.jpg,黑马Designer
https://img.zhisheji.com/FhWf65FD_EVEFR6iikWfqQIwUB2u?imageMogr2/quality/100/sharpen/1/thumbnail/290x/crop/!290x180,2020禅风小物品牌形象设计,平面-品牌,3240,24,8,https://www.zhisheji.com/uc_server/data/avatar/000/52/18/28_avatar_small.jpg,桃心
https://img.zhisheji.com/FtXZoDEC_UvBLVRq9hhUeNJwSM-V?imageMogr2/quality/100/sharpen/1/thumbnail/290x/crop/!290x180,行李箱详情页视觉作品分享,详情页-鞋类箱包,5528,51,10,https://www.zhisheji.com/uc_server/data/avatar/000/18/45/89_avatar_small.jpg,背包
https://img.zhisheji.com/FqubPIlb0Lf6ew5i8DCGYa2c8Wfw?imageMogr2/quality/100/sharpen/1/thumbnail/290x/crop/!290x180,ShowSee小适品牌视觉,首页/专题-家电办公,7248,84,17,https://www.zhisheji.com/uc_server/data/avatar/000/03/26/92_avatar_small.jpg,李金柱
https://img.zhisheji.com/FtpwHzrVJY89fo1G_Z-LsAilyjNp?imageMogr2/quality/100/sharpen/1/thumbnail/290x/crop/!290x180,抗击肺炎，中国加油！,平面-字体设计,3852,40,8,https://www.zhisheji.com/uc_server/data/avatar/000/15/90/96_avatar_small.jpg,好设龙视觉
https://img.zhisheji.com/Fm4RK7H7MHgC2-91SANREjAwFdfv?imageMogr2/quality/100/sharpen/1/thumbnail/290x/crop/!290x180,乐队系列设计合集,平面-海报,2802,27,8,https://www.zhisheji.com/uc_server/data/avatar/000/51/86/01_avatar_small.jpg,王小鱼-WXY
https://img.zhisheji.com/FhcP7i6EpQXGnBVbg8x6SNav7t3a?imageMogr2/quality/100/sharpen/1/thumbnail/290x/crop/!290x180,大禧丨抗击疫情公益书法字体（附源文件）,平面-字体设计,2670,21,14,https://www.zhisheji.com/uc_server/data/avatar/000/51/16/09_avatar_small.jpg,大禧
https://img.zhisheji.com/Fty_o475-FWcsFPR8x02eOj9Pucd?imageMogr2/quality/100/sharpen/1/thumbnail/290x/crop/!290x180,Lexkon Liu - 2019人物作品集,插画,2673,21,12,https://www.zhisheji.com/uc_server/data/avatar/000/43/68/17_avatar_small.jpg,Lexkon Liu
https://img.zhisheji.com/Fgfsm4vsgLue_YyVJNJINDpYEau4?imageMogr2/thumbnail/600x/crop/!600x375a0a89,梅红C4D 每日图形设计 (十九）,三维/C4D,2922,21,5,https://www.zhisheji.com/uc_server/data/avatar/000/40/62/84_avatar_small.jpg,梅红提爱克斯
https://img.zhisheji.com/FhwD-uryISoxcztJlY47iMEvhQy8?imageMogr2/quality/100/sharpen/1/thumbnail/290x/crop/!290x180,設計LOGO選集,平面-LOGO,2797,38,10,https://www.zhisheji.com/uc_server/data/avatar/000/45/45/03_avatar_small.jpg,麦诺HOTAO
https://img.zhisheji.com/FrAnjv-bL3GpJRqBgWi2VssnJNeo?imageMogr2/quality/100/sharpen/1/thumbnail/290x/crop/!290x180,健康取暖新主张 | 艾美特取暖器 X foodography,摄影-产品,4377,28,9,https://www.zhisheji.com/uc_server/data/avatar/000/35/42/06_avatar_small.jpg,FOODOGRAPH
https://img.zhisheji.com/Fj1d8NLRnH_rjGqfTFNpSVdqeidg?imageMogr2/quality/100/sharpen/1/thumbnail/290x/crop/!290x180,古诗词字体设计-关山月,平面-字体设计,2730,16,4,https://www.zhisheji.com/uc_server/data/avatar/000/50/10/02_avatar_small.jpg,蛋疼之路
https://img.zhisheji.com/FpxWcgbjFBU1WhlcWX87D2XDnNCL?imageMogr2/quality/100/sharpen/1/thumbnail/290x/crop/!290x180,面巾纸/塑形内衣/项目合集,首页/专题-男装女装,5910,52,16,https://www.zhisheji.com/uc_server/data/avatar/000/23/87/51_avatar_small.jpg,绵阳周杰伦
https://img.zhisheji.com/Fr-R07YDUbRER8Mt7VRUoWNlO7Ij?imageMogr2/quality/100/sharpen/1/thumbnail/290x/crop/!290x180,年度品牌新视觉页面合集,首页/专题-其它,5751,54,15,https://www.zhisheji.com/uc_server/data/avatar/000/18/45/89_avatar_small.jpg,背包
https://img.zhisheji.com/FrWaJ68lcMW1rTq-p5iUJws56cr4?imageMogr2/quality/100/sharpen/1/thumbnail/290x/crop/!290x180,OPPO 新年倒计时海报,三维/C4D,6218,79,20,https://www.zhisheji.com/uc_server/data/avatar/000/44/88/65_avatar_small.jpg,长脸叔
https://img.zhisheji.com/FqMAE2PZC6S2Jmoi-HK1mZNlNR0c?imageMogr2/quality/100/sharpen/1/thumbnail/290x/crop/!290x180,Biiig Eyes Brand Design,三维/C4D,4983,53,12,https://www.zhisheji.com/uc_server/data/avatar/000/44/88/65_avatar_small.jpg,长脸叔
https://img.zhisheji.com/FifZcw8KmgS0backXIG4v6ils4mi?imageMogr2/quality/100/sharpen/1/thumbnail/290x/crop/!290x180,详情页×贰,详情页-家电办公,8194,74,12,https://www.zhisheji.com/uc_server/data/avatar/000/23/16/48_avatar_small.jpg,江江海
https://img.zhisheji.com/FpmsvOwgc_9VtgEST-a0XqdQBZxT?imageMogr2/thumbnail/600x/crop/!600x375a0a0,2020书封设计|壹|,平面-书/画册,3984,37,24,https://www.zhisheji.com/uc_server/data/avatar/000/52/15/84_avatar_small.jpg,邰淑婷_TAI
https://img.zhisheji.com/FtrBfFvHDp0CpNY0PclLf3MYhhCO?imageMogr2/thumbnail/600x/crop/!541x338a21a0,2019个人作品集,平面-其它,5077,25,16,https://www.zhisheji.com/uc_server/data/avatar/000/52/15/84_avatar_small.jpg,邰淑婷_TAI
https://img.zhisheji.com/FpTNhDZYEo16JXkkzBMYg_jD6ezz?imageMogr2/quality/100/sharpen/1/thumbnail/290x/crop/!290x180,爱淘视觉合集,摄影-产品,5637,57,14,https://www.zhisheji.com/uc_server/data/avatar/000/37/50/62_avatar_small.jpg,爱淘视觉
https://img.zhisheji.com/FirKbBpDTmb0guQKaRQl24DJEAlm?imageMogr2/quality/100/sharpen/1/thumbnail/290x/crop/!290x180,两款母婴奶瓶视觉详情设计,首页/专题-母婴用品,5751,41,7,https://www.zhisheji.com/uc_server/data/avatar/000/01/76/71_avatar_small.jpg,茄子电商设计
https://img.zhisheji.com/Fq80TctHXcNrxNcBtJLUhop2g-v-?imageMogr2/quality/100/sharpen/1/thumbnail/290x/crop/!290x180,城市地名水墨书法,平面-字体设计,2358,17,7,https://www.zhisheji.com/uc_server/data/avatar/000/48/49/73_avatar_small.jpg,鑫雅
https://img.zhisheji.com/lhfhUx1ydQxYjELBxtn4nLLoOczR?imageMogr2/quality/100/sharpen/1/thumbnail/290x/crop/!290x180,三只松鼠零次元前宣,三维/C4D,3648,36,9,https://www.zhisheji.com/uc_server/data/avatar/000/43/61/51_avatar_small.jpg,赵才基
https://img.zhisheji.com/Fg8btNe0MIRyyn2p_EdCI0uXfLaa?imageMogr2/quality/100/sharpen/1/thumbnail/290x/crop/!290x180,-100天的坚持，海报100-,平面-海报,3558,29,8,https://www.zhisheji.com/uc_server/data/avatar/000/51/59/72_avatar_small.jpg,turbochoi
https://img.zhisheji.com/Fgh_k_JXfSdu8SuzVztEay1TMYpw?imageMogr2/thumbnail/600x/crop/!357x223a115a93,艾池字迹-武汉加油（源文件免费商用）,平面-字体设计,5039,70,27,https://www.zhisheji.com/uc_server/data/avatar/000/44/76/58_avatar_small.jpg,艾池 AICH
https://img.zhisheji.com/FmxvQFqfkR32aH6c9xqlSpgCNlF5?imageMogr2/quality/100/sharpen/1/thumbnail/290x/crop/!290x180,双十一大促页面合集,首页/专题-其它,6560,68,9,https://www.zhisheji.com/uc_server/data/avatar/000/10/51/21_avatar_small.jpg,点奥文化
https://img.zhisheji.com/FmsRd-OKg3Wseyhb4qJNiZPnL_x7?imageMogr2/quality/100/sharpen/1/thumbnail/290x/crop/!290x180,四则电商大促插画类首页案例,首页/专题-其它,6695,77,8,https://www.zhisheji.com/uc_server/data/avatar/000/10/51/21_avatar_small.jpg,点奥文化
https://img.zhisheji.com/202001311250423Ec6E.jpg?imageMogr2/quality/100/sharpen/1/thumbnail/290x/crop/!290x180,Martin_K 模糊－诱发你好奇心的特殊手法,文章/经验,4385,21,4,https://www.zhisheji.com/uc_server/data/avatar/000/01/89/81_avatar_small.jpg,16创艺
https://img.zhisheji.com/FhK8wjLeaarKERk1FPx4PbguHXkz?imageMogr2/quality/100/sharpen/1/thumbnail/290x/crop/!290x180,2020-详情练习,详情页-其它,7357,68,37,https://www.zhisheji.com/uc_server/data/avatar/000/13/07/10_avatar_small.jpg,Ann_1986
https://img.zhisheji.com/20200130210115K1Fzi.jpg?imageMogr2/quality/100/sharpen/1/thumbnail/290x/crop/!290x180,掌握“重复原则”，轻松塑造画面的统一性,教程,3888,13,6,https://www.zhisheji.com/uc_server/data/avatar/000/34/66/19_avatar_small.jpg,艺海拾贝Design
https://img.zhisheji.com/FqXFYMukCeclL1w_y035KkYOc9wp?imageMogr2/thumbnail/600x/crop/!600x375a0a16,加油！武汉！加油！中国！,插画,7088,46,14,https://www.zhisheji.com/uc_server/data/avatar/000/35/65/28_avatar_small.jpg,蔡蔡文化
https://img.zhisheji.com/Fjs9-tIH__tdq4i6OzEffsdVDWfc?imageMogr2/thumbnail/600x/crop/!600x375a0a11,2019作品总结,三维/C4D,4737,41,9,https://www.zhisheji.com/uc_server/data/avatar/000/41/96/64_avatar_small.jpg,Freeman曾家明
https://img.zhisheji.com/loEZBrm7EcudEPA4qPLbbRu7U2NH?imageMogr2/thumbnail/600x/crop/!600x375a0a1054,《唐人街》中国年,三维/C4D,5065,24,8,https://www.zhisheji.com/uc_server/data/avatar/000/41/96/64_avatar_small.jpg,Freeman曾家明
https://img.zhisheji.com/FtJFEh8ErkmcR-DKjhBTO5nQEriK?imageMogr2/thumbnail/600x/crop/!600x375a0a0,怪,插画,1866,21,13,https://www.zhisheji.com/uc_server/data/avatar/000/52/11/91_avatar_small.jpg,BG
https://img.zhisheji.com/Ft9b8cNmtaTwjJ4VIaCSWH-oGFMX?imageMogr2/quality/100/sharpen/1/thumbnail/290x/crop/!290x180,腾讯天天P图《鼠年关键字》,插画,2823,19,5,https://www.zhisheji.com/uc_server/data/avatar/000/40/65/50_avatar_small.jpg,姚叉叉
https://img.zhisheji.com/FlpjgsJeFVthrhwHKvKYovYPsXr6?imageMogr2/quality/100/sharpen/1/thumbnail/290x/crop/!290x180,2019作品集,平面-其它,4900,20,13,https://www.zhisheji.com/uc_server/data/avatar/000/40/41/90_avatar_small.jpg,蓝色潇林海
https://img.zhisheji.com/FoXd1_63BY4y42dzmQI5yQG2M7wo?imageMogr2/quality/100/sharpen/1/thumbnail/290x/crop/!290x180,YANI - 2019年度设计总结,平面-其它,2769,14,5,https://www.zhisheji.com/uc_server/data/avatar/000/47/86/20_avatar_small.jpg,许卓凡_XUZF
https://img.zhisheji.com/Fk80_9h3fOuHRYGZhgV-jShA9-j6?imageMogr2/quality/100/sharpen/1/thumbnail/290x/crop/!290x180,2019工作总结,UI-APP,3837,14,7,https://www.zhisheji.com/uc_server/data/avatar/000/50/27/60_avatar_small.jpg,五二三三
https://img.zhisheji.com/FpADqeRs1-2U0jwaFgUab2-doSwe?imageMogr2/quality/100/sharpen/1/thumbnail/290x/crop/!290x180,塔洛斯法则—Talos principle,三维/C4D,2514,12,5,https://www.zhisheji.com/uc_server/data/avatar/000/38/21/16_avatar_small.jpg,ZERB
https://img.zhisheji.com/Fkp1IN7icR5EzpX-8HP-D1tE3_cH?imageMogr2/quality/100/sharpen/1/thumbnail/290x/crop/!290x180,最后100+海报集3.0,平面-海报,3087,22,11,https://www.zhisheji.com/uc_server/data/avatar/000/24/07/27_avatar_small.jpg,Houng弘后
https://img.zhisheji.com/FhD_KWETutng7vV0q_s4m_IlZatT?imageMogr2/thumbnail/600x/crop/!541x338a34a0,2020年非你莫鼠,平面-品牌,3105,23,7,https://www.zhisheji.com/uc_server/data/avatar/000/44/84/25_avatar_small.jpg,肥胖胖啊
https://img.zhisheji.com/FvMcJgBu3Ykcoj2N8LijO39XF32P?imageMogr2/quality/100/sharpen/1/thumbnail/290x/crop/!290x180,【2019海报设计集合】,平面-海报,2568,17,8,https://www.zhisheji.com/uc_server/data/avatar/000/44/69/43_avatar_small.jpg,你可以叫我疯子
https://img.zhisheji.com/Fhq0QJakabHCbbhWbymQcGuRO5_q?imageMogr2/quality/100/sharpen/1/thumbnail/290x/crop/!290x180,昼夜集,网页-企业官网,2745,12,2,https://www.zhisheji.com/uc_server/data/avatar/000/05/29/25_avatar_small.jpg,阿金DESIGN
https://img.zhisheji.com/FnvNcevSK_M5j-EGp1DW1l3EliIL?imageMogr2/quality/100/sharpen/1/thumbnail/290x/crop/!290x180,正气鸡/负气鸡,平面-吉祥物,3036,50,10,https://www.zhisheji.com/uc_server/data/avatar/000/10/71/09_avatar_small.jpg,红烧牛肉
https://img.zhisheji.com/Fkv2ew_UElIlvJREbOKdjAqQ0TI3?imageMogr2/quality/100/sharpen/1/thumbnail/290x/crop/!290x180,《星球大战·曼达洛人》迪士尼出品-web design,网页-门户/社交,3912,27,5,https://www.zhisheji.com/uc_server/data/avatar/000/15/49/13_avatar_small.jpg,王宇朋
https://img.zhisheji.com/FhJjbYBRntxthxyzqF7cqJQejuEZ?imageMogr2/thumbnail/600x/crop/!600x375a0a45,ONE LOGO ONE IP 2018/2019,平面-吉祥物,2244,30,21,https://www.zhisheji.com/uc_server/data/avatar/000/35/65/28_avatar_small.jpg,蔡蔡文化
https://img.zhisheji.com/FsKAI-vlTTOZ10LHeKcKj0AF6B95?imageMogr2/quality/100/sharpen/1/thumbnail/290x/crop/!290x180,电商详情页合集×3,详情页-家电办公,6612,69,33,https://www.zhisheji.com/uc_server/data/avatar/000/08/09/36_avatar_small.jpg,Zero可乐
https://img.zhisheji.com/FiRd05ZWTVG9cjaBUSJSzvuT3mX2?imageMogr2/thumbnail/600x/crop/!541x338a29a0,晴川幻游体-走心文案,平面-字体设计,1944,18,10,https://www.zhisheji.com/uc_server/data/avatar/000/43/57/85_avatar_small.jpg,凌鹿传媒
https://img.zhisheji.com/Fo3PExZBaLV7FB8N0ly0sHCviK2i?imageMogr2/thumbnail/600x/crop/!588x368a12a19,【2019海报字体集合节选】,平面-字体设计,1776,11,6,https://www.zhisheji.com/uc_server/data/avatar/000/44/69/43_avatar_small.jpg,你可以叫我疯子
https://img.zhisheji.com/Fv7VbEfIh2l3VlRpZ4pj8mQLKT9P?imageMogr2/quality/100/sharpen/1/thumbnail/290x/crop/!290x180,2020,摄影-人像,3186,35,9,https://www.zhisheji.com/uc_server/data/avatar/000/23/66/82_avatar_small.jpg,变色龙视觉策划
https://img.zhisheji.com/lqnzBzkHlT0HWx4nKP6hpQZOWjgf?imageMogr2/thumbnail/600x/crop/!446x279a77a0,FANXIN-量变产生质变（2019终）,三维/C4D,2250,24,3,https://www.zhisheji.com/uc_server/data/avatar/000/38/69/55_avatar_small.jpg,梦者FANXIN
https://img.zhisheji.com/FuUyfDIywXyA1RJVGtksICyIDXSQ?imageMogr2/quality/100/sharpen/1/thumbnail/290x/crop/!290x180,2019天猫精灵产品详情设计合集,详情页-手机数码,5851,43,12,https://www.zhisheji.com/uc_server/data/avatar/000/16/55/07_avatar_small.jpg,寻想
https://img.zhisheji.com/FuCdjYs35FSMU7ONPZ2PpPrcI-Cp?imageMogr2/quality/100/sharpen/1/thumbnail/290x/crop/!290x180,2019字体总结【100字集】,平面-字体设计,4188,43,13,https://www.zhisheji.com/uc_server/data/avatar/000/52/00/63_avatar_small.jpg,不浪漫网名
https://img.zhisheji.com/FiOs5fPxLyMEwGH0xkqN7DgEmry3?imageMogr2/quality/100/sharpen/1/thumbnail/290x/crop/!290x180,产品详情页×4,详情页-户外运动,5261,40,11,https://www.zhisheji.com/uc_server/data/avatar/000/15/99/35_avatar_small.jpg,李牧酱
https://img.zhisheji.com/FupOhzI1HAHKFSFpMQY7nfmTgQ3w?imageMogr2/quality/100/sharpen/1/thumbnail/290x/crop/!290x180,2019年摄影合集,摄影-产品,7915,100,8,https://www.zhisheji.com/uc_server/data/avatar/000/40/12/26_avatar_small.jpg,芃睿品牌诠释者
https://img.zhisheji.com/FoopYztul_psn3rC5Z3sndcbuZ4s?imageMogr2/thumbnail/600x/crop/!541x338a24a0,2019作品集,UI-APP,3396,20,6,https://www.zhisheji.com/uc_server/data/avatar/000/51/98/71_avatar_small.jpg,JinLi
https://img.zhisheji.com/Fp1G-9sK-FheWybP-aE8bCf2iaaG?imageMogr2/thumbnail/600x/crop/!290x181a154a41,2019-字体精选,平面-字体设计,3528,32,5,https://www.zhisheji.com/uc_server/data/avatar/000/50/10/02_avatar_small.jpg,蛋疼之路
https://img.zhisheji.com/FvO0jhK3bkcwhJIJMikRk6j86-lA?imageMogr2/quality/100/sharpen/1/thumbnail/290x/crop/!290x180,致设计APP视觉设计,UI-APP,4512,52,16,https://www.zhisheji.com/uc_server/data/avatar/000/32/87/36_avatar_small.jpg,南城 _ Fairy
https://img.zhisheji.com/FssqAx1PPed6UzixTeXYjrQD-bgO?imageMogr2/thumbnail/600x/crop/!571x357a21a133,字體設計 Font Design Works （壹）,平面-字体设计,2499,12,3,https://www.zhisheji.com/uc_server/data/avatar/000/46/89/22_avatar_small.jpg,朱进设计
https://img.zhisheji.com/FgdCS5EQOa0EA8sfLnSQV9K91RIK?imageMogr2/quality/100/sharpen/1/thumbnail/290x/crop/!290x180,2019 天猫 猫头 格力高 kfc,平面-海报,5677,71,10,https://www.zhisheji.com/uc_server/data/avatar/000/49/01/25_avatar_small.jpg,~TM~
https://img.zhisheji.com/FsCxxdEdh_hX5KU_XPG4HJw3x6mX?imageMogr2/quality/100/sharpen/1/thumbnail/290x/crop/!290x180,2019合集,平面-海报,5643,43,12,https://www.zhisheji.com/uc_server/data/avatar/000/12/78/14_avatar_small.jpg,弎花头 - SHT
https://img.zhisheji.com/FrB2mIqqDXtHSlxfF8LoNG8C_oVI?imageMogr2/thumbnail/600x/crop/!600x375a0a17,进化鸭（1）,插画,3897,42,16,https://www.zhisheji.com/uc_server/data/avatar/000/44/63/23_avatar_small.jpg,ikui
https://img.zhisheji.com/Flpv68JBWoPw33oG-5f47BT3LcXY?imageMogr2/quality/100/sharpen/1/thumbnail/290x/crop/!290x180,新年祝福合辑,平面-字体设计,5332,63,20,https://www.zhisheji.com/uc_server/data/avatar/000/21/24/59_avatar_small.jpg,依然浚
https://img.zhisheji.com/Fm3cF15qSSyXKPHgeBIt4qy6jVEs?imageMogr2/quality/100/sharpen/1/thumbnail/290x/crop/!290x180,产品详情页X4,详情页-家电办公,7906,111,41,https://www.zhisheji.com/uc_server/data/avatar/000/45/53/82_avatar_small.jpg,Yesiam
https://img.zhisheji.com/FnfHe9e4GIW1SyoWrhJqG06Wd0EE?imageMogr2/thumbnail/600x/crop/!576x360a12a0,ZAOV召物少年｜少年计划2：飘的那么高,平面-海报,3501,35,18,https://www.zhisheji.com/uc_server/data/avatar/000/43/50/52_avatar_small.jpg,召物少年
https://img.zhisheji.com/Frx4e2UfjKKIRSlWmohnyKAigwGR?imageMogr2/quality/100/sharpen/1/thumbnail/290x/crop/!290x180,卡昂kaan-年终作品总结,插画,6310,91,20,https://www.zhisheji.com/uc_server/data/avatar/000/41/14/62_avatar_small.jpg,卡昂卡昂-
https://img.zhisheji.com/FiQ1xKrSiEVvIcLyj0UQGfwZlWeY?imageMogr2/quality/100/sharpen/1/thumbnail/290x/crop/!290x180,送新年祝福语-合体字,平面-字体设计,3168,34,16,https://www.zhisheji.com/uc_server/data/avatar/000/43/65/17_avatar_small.jpg,张泽坚
https://img.zhisheji.com/Fp5M7dlyfHHE6YIqhRSSh1NT0nKu?imageMogr2/quality/100/sharpen/1/thumbnail/290x/crop/!290x180,详情页X3,详情页-家电办公,6689,81,23,https://www.zhisheji.com/uc_server/data/avatar/000/07/22/05_avatar_small.jpg,柏晓小郴郴
https://img.zhisheji.com/FkwolajKfKoXOzWcFpEaeh-ADS0u?imageMogr2/quality/100/sharpen/1/thumbnail/290x/crop/!290x180,2019年个人创作总结一野狗富贵,插画,2460,29,7,https://www.zhisheji.com/uc_server/data/avatar/000/51/88/32_avatar_small.jpg,野狗富贵
https://img.zhisheji.com/Fm-NEIw9RWkE50C6Y9LhKQmvrXTm?imageMogr2/quality/100/sharpen/1/thumbnail/290x/crop/!290x180,燃乐队系列之四——《新裤子乐队》,插画,2397,35,12,https://www.zhisheji.com/uc_server/data/avatar/000/51/86/01_avatar_small.jpg,王小鱼-WXY
https://img.zhisheji.com/FoE4R_UzkYmdcwGE6XEtJnotSPeY?imageMogr2/quality/100/sharpen/1/thumbnail/290x/crop/!290x180,燃乐队系列之二三——《痛仰乐队》《万能青年旅店》,三维/C4D,3795,26,9,https://www.zhisheji.com/uc_server/data/avatar/000/51/86/01_avatar_small.jpg,王小鱼-WXY
https://img.zhisheji.com/FoCpOUWCzip-cDSa41dK41XM2gMq?imageMogr2/quality/100/sharpen/1/thumbnail/290x/crop/!290x180,燃乐队系列——《逃跑计划》,三维/C4D,2160,19,3,https://www.zhisheji.com/uc_server/data/avatar/000/51/86/01_avatar_small.jpg,王小鱼-WXY
https://img.zhisheji.com/Fkb_sxGvrz-0tGFodhHLO4guEfGI?imageMogr2/quality/100/sharpen/1/thumbnail/290x/crop/!290x180,字体LOGO,平面-品牌,4341,16,4,https://www.zhisheji.com/uc_server/data/avatar/000/38/82/23_avatar_small.jpg,G丶先生
https://img.zhisheji.com/Fh1GdV3B_U_hqTmtgKS64e_vaEMg?imageMogr2/quality/100/sharpen/1/thumbnail/290x/crop/!290x180,东方好礼x么么黑，鼠年的小确幸,平面-其它,5507,27,7,https://www.zhisheji.com/uc_server/data/avatar/000/24/78/76_avatar_small.jpg,东方好礼
https://img.zhisheji.com/lklhfcz8bZcam6QCiEJOESn3G0Dg?imageMogr2/thumbnail/600x/crop/!600x375a0a22,2017-2019大学作品集,平面-其它,5269,31,23,https://www.zhisheji.com/uc_server/data/avatar/000/51/85/86_avatar_small.jpg,五叔
https://img.zhisheji.com/FsaB-GwV0uOXAA_4o4fpEh3WQ7tE?imageMogr2/quality/100/sharpen/1/thumbnail/290x/crop/!290x180,吃喝玩乐新春特辑,平面-包装设计,5862,50,17,https://www.zhisheji.com/uc_server/data/avatar/000/24/78/76_avatar_small.jpg,东方好礼
https://img.zhisheji.com/FrHOj6_pKB2weotspXLJUbMPdbEp?imageMogr2/thumbnail/600x/crop/!600x375a0a688,《X2 · 万物一体》人体结构,三维/C4D,3888,27,11,https://www.zhisheji.com/uc_server/data/avatar/000/41/96/64_avatar_small.jpg,Freeman曾家明
https://img.zhisheji.com/FiLqVioqsV8FILiH93-l3miT35NH?imageMogr2/quality/100/sharpen/1/thumbnail/290x/crop/!290x180,电商详情页合集 X3,详情页-手机数码,6792,98,34,https://www.zhisheji.com/uc_server/data/avatar/000/51/74/30_avatar_small.jpg,老衲法号欠扁
https://img.zhisheji.com/FmeEPlrI5B2sWDDCMRSmHJPl0Atz?imageMogr2/quality/100/sharpen/1/thumbnail/290x/crop/!290x180,平行世界-万物篇,三维/C4D,5308,64,32,https://www.zhisheji.com/uc_server/data/avatar/000/34/52/81_avatar_small.jpg,杨晨°
https://img.zhisheji.com/FrW6abSzEmRSYOoxIUq8BQiLEjcb?imageMogr2/quality/100/sharpen/1/thumbnail/290x/crop/!290x180,2019电商创意视觉展示,详情页-家电办公,5792,65,13,https://www.zhisheji.com/uc_server/data/avatar/000/07/81/47_avatar_small.jpg,用心设
https://img.zhisheji.com/FkuRW4PigHZ5zthTlgDYiYAA6Uq2?imageMogr2/quality/100/sharpen/1/thumbnail/290x/crop/!290x180,2019作品集,海报-其它,7233,120,43,https://www.zhisheji.com/uc_server/data/avatar/000/46/96/14_avatar_small.jpg,Aged_油条
https://img.zhisheji.com/202001101038591MKZ3.jpg?imageMogr2/quality/100/sharpen/1/thumbnail/290x/crop/!290x180,业内首次揭秘：数据可视化设计师如何建立灵感库?,文章/经验,5515,30,10,https://www.zhisheji.com/uc_server/data/avatar/000/44/02/45_avatar_small.jpg,BYMD
https://img.zhisheji.com/FlaGi2JgW90jy_Y_KLkMJklxGuZg?imageMogr2/quality/100/sharpen/1/thumbnail/290x/crop/!290x180,2019插画作品节选,插画,5929,97,16,https://www.zhisheji.com/uc_server/images/noavatar_small.gif,夜游的鹤
https://img.zhisheji.com/Fs01pf9XkUELlw_4_x5F6zfnFQgn?imageMogr2/quality/100/sharpen/1/thumbnail/290x/crop/!290x180,2019年度作品合集,平面-海报,6409,108,10,https://www.zhisheji.com/uc_server/data/avatar/000/45/81/32_avatar_small.jpg,大力出品
https://img.zhisheji.com/FmaFtR4hC9BbVRstlIcIztWjlbU6?imageMogr2/quality/100/sharpen/1/thumbnail/290x/crop/!290x180,Lily&FANXIN-《动物园里有什么》,三维/C4D,4764,45,8,https://www.zhisheji.com/uc_server/data/avatar/000/38/69/55_avatar_small.jpg,梦者FANXIN
https://img.zhisheji.com/FnhYIrNAyxP0AxUKKeYw8oq6roWR?imageMogr2/quality/100/sharpen/1/thumbnail/290x/crop/!290x180,家乡红包-十位设计师用设计呈现红包传递家乡情怀,其它,5123,42,8,https://www.zhisheji.com/uc_server/data/avatar/000/18/21/41_avatar_small.jpg,张增顺
https://img.zhisheji.com/FncE59GFV9u2lpZIBhna_bLuHBMn?imageMogr2/quality/100/sharpen/1/thumbnail/290x/crop/!290x180,小皮陪你过大年 X foodography,摄影-产品,7066,107,20,https://www.zhisheji.com/uc_server/data/avatar/000/35/42/06_avatar_small.jpg,FOODOGRAPH
https://img.zhisheji.com/FkLiBgPnj_a5LG-fFnIpQNV4Xxun?imageMogr2/quality/100/sharpen/1/thumbnail/290x/crop/!290x180,支付宝会员插画,插画,5643,74,14,https://www.zhisheji.com/uc_server/data/avatar/000/38/57/54_avatar_small.jpg,小太太太空
https://img.zhisheji.com/Fhz-airpBr51fHkRk0X8LeyvbPfZ?imageMogr2/quality/100/sharpen/1/thumbnail/290x/crop/!290x180,2019个人作品集,网页-专题/活动,5413,52,14,https://www.zhisheji.com/uc_server/data/avatar/000/42/19/40_avatar_small.jpg,Jamon
https://img.zhisheji.com/FsXLuUqLGnOxYbUphb1KFbmYqZj0?imageMogr2/quality/100/sharpen/1/thumbnail/290x/crop/!290x180,WISEMIND-京东双11站外攻略H5,插画,3102,45,11,https://www.zhisheji.com/uc_server/data/avatar/000/38/00/85_avatar_small.jpg,WISEMIND
https://img.zhisheji.com/FmpaEXk1fReaTVva6uU9ahm1BD85?imageMogr2/quality/100/sharpen/1/thumbnail/290x/crop/!290x180,2019-年终总结,海报-其它,7074,149,29,https://www.zhisheji.com/uc_server/data/avatar/000/09/01/06_avatar_small.jpg,文智
https://img.zhisheji.com/luiVirH4-jeo9l5mJXrv-fV9bC75?imageMogr2/thumbnail/600x/crop/!600x375a0a0,2019年部分插画总结,插画,3246,58,13,https://www.zhisheji.com/uc_server/data/avatar/000/37/87/23_avatar_small.jpg,曾仙桃
