﻿图片地址,作品名称,作品类型,人气,评论数,点赞数,作者
https://img.zcool.cn/community/01d71a5e732b0ca8012165185b94c5.jpg@260w_195h_1c_1e_1o_100sh.jpg,解构-版式设计中的“表与里”,文章-教程-平面,30684,84,1728,设猎派
https://img.zcool.cn/community/01f55d5e7326fba80120a89532aca6.jpg@260w_195h_1c_1e_1o_100sh.jpg,非人哉545-546,动漫-短篇/四格漫画,21003,54,953,非人哉漫画
https://img.zcool.cn/community/017d575e730516a801216518540d38.jpg@260w_195h_1c_1e_1o_100sh.jpg,恐龙RUNNING 第二辑,动漫-短篇/四格漫画,13749,70,869,草木虫
https://img.zcool.cn/community/0130535e724f9ca80120a895845115.jpg@260w_195h_1c_1e_1o_100sh.jpg,你们别玩啦！赶紧上山！—致童年回忆《魔神英雄传》,摄影-修图/后期,76992,100,816,吉他猪
https://img.zcool.cn/community/0118aa5e72f50fa80121651871a15c.jpg@260w_195h_1c_1e_1o_100sh.jpg,用文化美学打造有温度的农产品品牌 |绿保利他品牌升级,平面-品牌,63380,77,830,容品牌
https://img.zcool.cn/community/0149725e722536a8012165188b0fbc.jpg@260w_195h_1c_1e_1o_100sh.jpg,食物在沙漠做着超现实的事,摄影-其他摄影,43807,94,1035,YUM汤汤
https://img.zcool.cn/community/01d38e5e727b81a80120a89584be07.jpg@260w_195h_1c_1e_1o_100sh.jpg,鬼神之书,插画-概念设定,11167,99,479,zproo
https://img.zcool.cn/community/01eaf45e721653a80121651881bcda.jpg@260w_195h_1c_1e_1o_100sh.jpg,百草味X东方好礼——锦食潮盒,平面-包装,32416,69,707,东方好礼
https://img.zcool.cn/community/01bb5a5e71e2faa801216518b38988.jpg@260w_195h_1c_1e_1o_100sh.jpg,Kwai 品牌插画,插画-商业插画,35318,90,1259,我是子鉴吗
https://img.zcool.cn/community/01c0225e723be2a8012165188e7d24.jpg@260w_195h_1c_1e_1o_100sh.jpg,腾讯动漫画、阅文网文出海、助盲公益---动画广告,动漫-动画片,14704,21,342,BuddyA_Studio
https://img.zcool.cn/community/01c9015e71e083a8012165180b7e70.jpg@260w_195h_1c_1e_1o_100sh.jpg,优质商业创作机会，会让我们得到什么？,文章-专访-其他,7094,5,198,设计师专访
https://img.zcool.cn/community/018c035e71dca7a801216518dc300c.jpg@260w_195h_1c_1e_1o_100sh.jpg,企业微信2019年度发布会系列动画,影视-Motion Graphic,23364,34,596,魔格工作室
https://img.zcool.cn/community/01ede55e71d8a7a801216518c18683.jpg@260w_195h_1c_1e_1o_100sh.jpg,问童子®玩偶｜渔者·鸬鹚,工业/产品-玩具,15264,19,200,问童子
https://img.zcool.cn/community/0133765e70f0c1a80120a89537e25b.jpg@260w_195h_1c_1e_1o_100sh.jpg,六组商业品牌官网合集,网页-企业官网,33015,76,459,XN一VISION
https://img.zcool.cn/community/016b5e5e720dd9a8012165181309cd.jpg@260w_195h_1c_1e_1o_100sh.jpg,36幅时尚插画里的美人/你喜欢哪个她？,插画-商业插画,41529,178,2572,Marina任桃桃
https://img.zcool.cn/community/014b165e708934a80121651814ad09.jpg@260w_195h_1c_1e_1o_100sh.jpg,电影插图,插画-其他插画,35869,109,1744,伴伴
https://img.zcool.cn/community/01dfbf5e7174d3a801216518566926.jpg@260w_195h_1c_1e_1o_100sh.jpg,【戊辰设计】字形设计汇总,平面-字体/字形,29053,58,332,张小波
https://img.zcool.cn/community/01abe65e70f05ca8012165180ad45c.jpg@260w_195h_1c_1e_1o_100sh.jpg,繁花 / Book Decoration,平面-书装/画册,15043,23,424,时分印刷
https://img.zcool.cn/community/01d08a5e70934ba80120a895934aaa.jpg@260w_195h_1c_1e_1o_100sh.jpg,格萨尔王全传,插画-商业插画,21411,50,229,阳月
https://img.zcool.cn/community/013aba5e7065cea801216518fc14db.jpg@260w_195h_1c_1e_1o_100sh.jpg,ISUX译文 | The PBR Guide基于物理的渲染指引(下),文章-资讯-多领域,7555,15,93,腾讯ISUX
https://img.zcool.cn/community/016a135e4b6a56a80120a8955705c2.jpg@260w_195h_1c_1e_1o_100sh.jpg, OPPO RENO 3 5G 新品发布会,三维-动画/影视,31481,39,443,菱视文化传媒
https://img.zcool.cn/community/0169a45e7089e1a801216518fd8433.jpg@260w_195h_1c_1e_1o_100sh.jpg,2020浙江卫视《王牌对王牌-第五季》片头设计,三维-动画/影视,27610,50,1092,Tenline_studio
https://img.zcool.cn/community/019d065e707c63a80121651884caab.jpg@260w_195h_1c_1e_1o_100sh.jpg,十二生肖平铺插画,插画-插画习作,54588,105,2818,killerkoo
https://img.zcool.cn/community/018e7a5e70630aa80120a895040b89.jpg@260w_195h_1c_1e_1o_100sh.jpg,华为Mate30 Pro纽约（曼哈顿）拍摄样张7,摄影-手机,44711,70,593,武减武文化创意
https://img.zcool.cn/community/01a7275e706a21a8012165184b37b1.jpg@260w_195h_1c_1e_1o_100sh.jpg,| 字体设计合集 |,平面-字体/字形,38876,117,874,刺猬设计
https://img.zcool.cn/community/014c3f5e6f0b68a80121651821fb7e.jpg@260w_195h_1c_1e_1o_100sh.jpg,BITONE X 北京现代：奏响新能源车市场的主旋律,三维-机械/交通,8286,20,147,BITONE叶青司机
https://img.zcool.cn/community/01f4e15e7049bfa80121651875a297.jpg@260w_195h_1c_1e_1o_100sh.jpg,旅行指南,网页-其他网页,15952,29,273,应凡互动
https://img.zcool.cn/community/01a5255e705c63a80120a8956bdf2a.jpg@260w_195h_1c_1e_1o_100sh.jpg,西游录——十八罗汉（下）,插画-商业插画,15752,27,568,老子只是个画画的
https://img.zcool.cn/community/0122de5e706242a80120a895d5dee2.jpg@260w_195h_1c_1e_1o_100sh.jpg,设计大事件【2020年3月上】,文章-资讯-多领域,10445,12,189,站酷网
https://img.zcool.cn/community/01ae585e703cbaa801216518f935cb.jpg@260w_195h_1c_1e_1o_100sh.jpg,武装便衣-角色设定 Armed plain clothes - role,插画-插画习作,35241,92,1557,tianzi_天恣
https://img.zcool.cn/community/01eb5a5e703996a80120a8953bd60f.jpg@260w_195h_1c_1e_1o_100sh.jpg,电影《唐人街探案3》烧脑版海报...,平面-海报,66744,131,1647,赵力视觉
https://img.zcool.cn/community/01c9355e6fc662a80120a895e0101f.jpg@260w_195h_1c_1e_1o_100sh.jpg,抖音 | DOU艺之城,网页-移动端网页,44241,53,1206,InfiniStudio
https://img.zcool.cn/community/01f8905e6f8feca80121651855b062.jpg@260w_195h_1c_1e_1o_100sh.jpg,Plant Photography Web Design,网页-企业官网,15118,81,507,我是杨柳啊
https://img.zcool.cn/community/0119165e6f6d8ea80120a895600675.jpg@260w_195h_1c_1e_1o_100sh.jpg,手写体设计 ,平面-字体/字形,11526,33,303,迪升
https://img.zcool.cn/community/0125df5e6f67fea80120a895ed6dd4.jpg@260w_195h_1c_1e_1o_100sh.jpg,RWDS·插画合集七,插画-插画习作,29947,85,1605,rwds
https://img.zcool.cn/community/01f2435e6f4be2a80120a895b48001.jpg@260w_195h_1c_1e_1o_100sh.jpg,2019插画年度总结-隐身少女Alice,插画-商业插画,31982,125,2739,隐身少女Alice
https://img.zcool.cn/community/01010f5e6f4676a801216518aa72c8.jpg@260w_195h_1c_1e_1o_100sh.jpg,一大波C4D视觉艺术,三维-其他三维,93021,96,1548,Edisonwong7
https://img.zcool.cn/community/01bf155e6eef68a80120a895ef3eb8.jpg@260w_195h_1c_1e_1o_100sh.jpg,大唐女子图鉴【第四弹】,插画-其他插画,15963,81,1492,Z_XINYUE
https://img.zcool.cn/community/0197c75e6f2114a80120a8950ccd30.jpg@260w_195h_1c_1e_1o_100sh.jpg,Chiii Design × 隈研吾 | 日本东京白石美术馆,平面-品牌,37015,13,386,Chiiidesign
https://img.zcool.cn/community/01aa685e6f1962a80120a895b12a1d.jpg@260w_195h_1c_1e_1o_100sh.jpg,WISEMIND-跑跑卡丁车,平面-海报,17379,52,816,玖作文化
