﻿图片地址,作品名称,作品类型,人气,评论数,点赞数,作者
https://img.zcool.cn/community/01a93d5e79b7c1a8012165181e883b.jpg@260w_195h_1c_1e_1o_100sh.jpg,设计匠人 | 一个人完成的3D动画片,文章-资讯-多领域,18640,34,692,腾讯ISUX
https://img.zcool.cn/community/01b69c5e7ae4fca80120a895a39c09.jpg@260w_195h_1c_1e_1o_100sh.jpg,飞天系列+唐仕女系列（2020年第一季度总结）,插画-插画习作,36890,47,1100,焦响乐
https://img.zcool.cn/community/015b065e7a67e6a80120a8950f19ef.jpg@260w_195h_1c_1e_1o_100sh.jpg,迪升涂字-手写字体设计,平面-字体/字形,25064,44,515,迪升
https://img.zcool.cn/community/01e0b45e7a1bf8a80120a895a6fa3d.jpg@260w_195h_1c_1e_1o_100sh.jpg,2019-2020工作记录—Redmi K30 系列,网页-其他网页,22975,145,1037,尽头
https://img.zcool.cn/community/031dbbe5e7ab1e6a80120a895472051.jpg@260w_195h_1c_1e_1o_100sh.jpg,小时候与刀马记,纯艺术-油画,8221,18,153,杜溪
https://img.zcool.cn/community/01e8535e79fb13a801216518aee251.jpg@260w_195h_1c_1e_1o_100sh.jpg,2020详情页系列之casper,网页-电商,29327,110,1154,梁定然_霍普斯汀
https://img.zcool.cn/community/016eb55e7aac0ba801216518c3a2a2.jpg@260w_195h_1c_1e_1o_100sh.jpg,【式神祖先】,插画-插画习作,52927,104,3128,bigballgao
https://img.zcool.cn/community/01f7915e7b2e92a801216518cdb625.jpg@260w_195h_1c_1e_1o_100sh.jpg,Space Coffee | EinStudio x CrazyJN 联名雕像,工业/产品-玩具,17926,63,977,疯景
https://img.zcool.cn/community/01803b5e79e269a801216518965005.jpg@260w_195h_1c_1e_1o_100sh.jpg,李永铨专访：挑选客户这件事，他坚持了30年,文章-专访-平面,14420,22,404,站酷奖
https://img.zcool.cn/community/0029655e7a2974a80120a895760908.png@260w_195h_1c_1e_1o_100sh.jpg,IQOO-[F],工业/产品-电子产品,18413,53,207,LAMBERTZ
https://img.zcool.cn/community/01d9b85e79b5f4a801216518b293e3.jpg@260w_195h_1c_1e_1o_100sh.jpg,遇见美好【C4D冻结的花草】,三维-其他三维,37782,198,3469,白无常电商设计
https://img.zcool.cn/community/01f7e65e7a1615a801216518702fcd.jpg@260w_195h_1c_1e_1o_100sh.jpg,枝-CGI,三维-场景,19095,81,803,GengXiHR
https://img.zcool.cn/community/013def5e79b344a801216518e05724.jpg@260w_195h_1c_1e_1o_100sh.jpg,稚优泉 散粉设计,工业/产品-生活用品,30190,70,1065,念相
https://img.zcool.cn/community/015a9d5e78d9b2a80120a895a48719.jpg@260w_195h_1c_1e_1o_100sh.jpg,百词斩·爱阅读,插画-商业插画,40191,43,841,ZAki_zeng
https://img.zcool.cn/community/0147425e7824dba8012165184a6da4.jpg@260w_195h_1c_1e_1o_100sh.jpg,RayData中国世界遗产项目分享,UI-APP界面,38394,163,1047,RayData实验室
https://img.zcool.cn/community/01aa8e5e463e2ea8012165188f76ce.jpg@260w_195h_1c_1e_1o_100sh.jpg,邮董家咸鸭蛋品牌设计,平面-品牌,64552,78,1567,THEQ_Design
https://img.zcool.cn/community/011ce35e79c632a801216518a37690.jpg@260w_195h_1c_1e_1o_100sh.jpg,明白书桌 | 隐藏式抽屉书桌,工业/产品-家具,15613,25,215,杏仁菜菜头
https://img.zcool.cn/community/011a975e79bc44a801216518daf5b7.jpg@260w_195h_1c_1e_1o_100sh.jpg,汤臣杰逊【樱姿娜内衣品牌新视觉作品分享】 ,网页-电商,35859,156,1486,汤臣杰逊
https://img.zcool.cn/community/01ba7e5e21cca6a801216518b83334.jpg@260w_195h_1c_1e_1o_100sh.jpg,交互动效-转场的那些事儿,文章-观点-多领域,17979,28,844,酷酷的小磊
https://img.zcool.cn/community/01f0b15e79b147a80120a895906423.jpg@260w_195h_1c_1e_1o_100sh.jpg,贺岁蓝鼠／新年怪物#正•㍿# ,插画-其他插画,7783,3,106,菠萝正
https://img.zcool.cn/community/01c09d5e798890a8012165180aeb14.jpg@260w_195h_1c_1e_1o_100sh.jpg,《人间值得》,平面-书籍,11999,15,241,Mlimt_Design
https://img.zcool.cn/community/01cf135e7870fba80120a895278c62.jpg@260w_195h_1c_1e_1o_100sh.jpg,几张图,插画-商业插画,35595,83,1442,手指断了a
https://img.zcool.cn/community/01cd1a5e786de8a801216518da6b33.jpg@260w_195h_1c_1e_1o_100sh.jpg,﹝全球超稀有收藏﹞ECC潘神的迷宫Pale Man 1:1 胸像,手工艺-手办/模玩,119471,204,805,VeryMuseum
https://img.zcool.cn/community/0145bd5e4a4f38a80120a895cc2d6e.jpg@260w_195h_1c_1e_1o_100sh.jpg,夢の機 THE DREAM MACHINE,三维-动画/影视,16265,13,215,菱视文化传媒
https://img.zcool.cn/community/01aa645e7821cda8012165188a996b.jpg@260w_195h_1c_1e_1o_100sh.jpg,「你我猫狗」河北,插画-商业插画,13805,34,619,木木王木木19
https://img.zcool.cn/community/0172cd5e786f1fa8012165183e7408.jpg@260w_195h_1c_1e_1o_100sh.jpg,iOS与Android设计规范解析（二）之常用控件,文章-观点-UI,18779,12,472,UX设计笔记
https://img.zcool.cn/community/012c675e780de4a801216518619ca5.jpg@260w_195h_1c_1e_1o_100sh.jpg,修理台,插画-概念设定,9641,22,540,migaloo2341
https://img.zcool.cn/community/01d5d65e77722fa8012165189228f7.jpg@260w_195h_1c_1e_1o_100sh.jpg,Cos钢铁侠 Mark 1 —— 可穿戴钢铁侠战甲制作花絮,手工艺-其他手工,39677,28,351,光澤作用工作室
https://img.zcool.cn/community/0140775e77ddf0a8012165186fd851.jpg@260w_195h_1c_1e_1o_100sh.jpg,《来自喵星系列》-糖糖的甜品店第三弹6只猫,插画-商业插画,12995,91,698,Jolbilin焦炭炭
https://img.zcool.cn/community/0125f25e776322a801216518f5db36.jpg@260w_195h_1c_1e_1o_100sh.jpg,简笔插画2020.3月-2,插画-儿童插画,25090,79,779,巴颜简笔插画
https://img.zcool.cn/community/01d0ca5e78a4aca801216518043c33.jpg@260w_195h_1c_1e_1o_100sh.jpg,IQOO【移动设备模块化试验】,平面-海报,25462,82,1464,小田仙人
https://img.zcool.cn/community/01a3b45e7893baa80120a8950d4811.jpg@260w_195h_1c_1e_1o_100sh.jpg,《加泰罗尼亚地图集》,平面-书籍,9439,20,159,天佑书房
https://img.zcool.cn/community/01fe5a5e7963f6a80120a89584c434.jpg@260w_195h_1c_1e_1o_100sh.jpg,宇宙波比—在春暖花开的日子启程 Astrobobi C4D Works,三维-人物/生物,24365,117,2376,灰昼
https://img.zcool.cn/community/01e58c5e76f42ba80120a895d84e03.jpg@260w_195h_1c_1e_1o_100sh.jpg,鼠年抗毒,动漫-其他动漫,12760,62,1357,约翰强尼
https://img.zcool.cn/community/0186145e786c16a80120a895b388f4.jpg@260w_195h_1c_1e_1o_100sh.jpg,梨花笑 之 人生若只如初见梦鱼,摄影-人像,34470,91,1320,腰果虾仁
https://img.zcool.cn/community/0112445e784756a80120a895f9c6ec.jpg@260w_195h_1c_1e_1o_100sh.jpg,华南MALL-购物中心）商场综合体品牌吉祥物IP设计,平面-吉祥物,42165,34,423,赤犬制造所REDOG
https://img.zcool.cn/community/01e1d15e7836daa80121651819b22e.jpg@260w_195h_1c_1e_1o_100sh.jpg,Kobe\球鞋 合集,摄影-修图/后期,34966,39,247,召召召召召
https://img.zcool.cn/community/01bdd45e748e65a80120a895d5fb9b.jpg@260w_195h_1c_1e_1o_100sh.jpg,vivo 周年员工礼盒设计丨EMPLOYEE WELFARE,平面-包装,55981,24,731,末厘品牌设计
https://img.zcool.cn/community/01d3045e77262aa80121651859851a.jpg@260w_195h_1c_1e_1o_100sh.jpg,时光流沙,摄影-风光,15783,36,327,列马革
https://img.zcool.cn/community/0128ee5e785c03a80120a895ac050d.jpg@260w_195h_1c_1e_1o_100sh.jpg,OPPO watch外观视频_by seenvision,三维-动画/影视,20260,68,881,SEENVISION
