﻿图片地址,作品名称,作品类型,人气,评论数,点赞数,作者
https://img.zcool.cn/community/018aaf5e782f1aa80120a8950eb085.jpg@260w_195h_1c_1e_1o_100sh.jpg,禅·鹿丨路由器,工业/产品-电子产品,21073,73,391,挠头阿吉
https://img.zcool.cn/community/0123565e780d52a801216518366512.jpg@260w_195h_1c_1e_1o_100sh.jpg,壹壹外语品牌设计,平面-品牌,47478,51,610,傻傻的张晓明
https://img.zcool.cn/community/01d80b5e77fbe3a80120a8952f0ae1.jpg@260w_195h_1c_1e_1o_100sh.jpg,iQOO概念手机,平面-海报,32512,74,1483,肖坤前_shaw
https://img.zcool.cn/community/011a315e7769dca8012165188702c5.jpg@260w_195h_1c_1e_1o_100sh.jpg,喜鹊2020新作 | 中国茶，对交流的无限渴望,平面-包装,44703,64,427,喜鹊包装实验室
https://img.zcool.cn/community/018f215e77a09ba80120a89542efbb.jpg@260w_195h_1c_1e_1o_100sh.jpg,写实空间元素风合成海报赏析,网页-电商,59057,159,1916,杰克sean
https://img.zcool.cn/community/01d6a45e777dd8a80121651895025e.jpg@260w_195h_1c_1e_1o_100sh.jpg,王者荣耀青白蛇皮肤H5,影视-Motion Graphic,38257,78,1220,恬叔叔
https://img.zcool.cn/community/activity_cover/53f55e7801d40000011f3fd747c0.jpg@260w_195h_1c_1e_1o_100sh.jpg,描绘对你意义非凡的“植”物语,活动-线上活动,24548,无,1149,站酷小Z
https://img.zcool.cn/community/01cab95e773133a80121651826e516.jpg@260w_195h_1c_1e_1o_100sh.jpg,《鬓边不是海棠红》插图,插画-插画习作,57511,204,2069,才仙插画
https://img.zcool.cn/community/01f90b5e772fa4a80121651812e0b0.jpg@260w_195h_1c_1e_1o_100sh.jpg,头肩三把火，天黑勿回头,插画-绘本,22707,178,1896,叁眼
https://img.zcool.cn/community/01ee815e76fcf9a80120a895a8ae76.jpg@260w_195h_1c_1e_1o_100sh.jpg,PRESSURE DREAM,插画-其他插画,21950,27,716,YIM野姆
https://img.zcool.cn/community/0155345e772b0da801216518525871.jpg@260w_195h_1c_1e_1o_100sh.jpg,尚巍手书,平面-字体/字形,20542,26,309,尚巍
https://img.zcool.cn/community/0120695e76fa65a80120a89524fd13.jpg@260w_195h_1c_1e_1o_100sh.jpg,2020丨LOGO集,平面-标志,38963,92,755,Der炎
https://img.zcool.cn/community/012f3a5e75e2caa80120a895a95ee4.jpg@260w_195h_1c_1e_1o_100sh.jpg,王者荣耀 【抢鲲大作战】,插画-商业插画,11676,37,461,YOUNGIKE
https://img.zcool.cn/community/0118ad5e8f26e6a80120a8950307a7.jpg@260w_195h_1c_1e_1o_100sh.jpg,Hello~奇九蛙,平面-吉祥物,34425,225,3389,老火炕
https://img.zcool.cn/community/0122235e771f24a801216518d44f7b.jpg@260w_195h_1c_1e_1o_100sh.jpg,一起去看花吧,摄影-人像,57799,60,680,徐八喵
https://img.zcool.cn/community/0315e765e7607e8a801216518cc7274.jpg@260w_195h_1c_1e_1o_100sh.jpg,楚歌《虞歌》,插画-游戏原画,12942,37,648,徐子晖cicman
https://img.zcool.cn/community/01f85f5e75a448a8012165187eee4e.jpg@260w_195h_1c_1e_1o_100sh.jpg,食物健美大赛,插画-其他插画,13288,102,1685,约翰强尼
https://img.zcool.cn/community/00d5075e759035a80120a895b49b30.png@260w_195h_1c_1e_1o_100sh.jpg,iQOO未来科幻机,插画-概念设定,14816,49,647,咯咯新生
https://img.zcool.cn/community/019ba75e759fb2a80120a8950fdeb3.jpg@260w_195h_1c_1e_1o_100sh.jpg,为什么你拍不出故事感？8个实用技巧让你用活电影修辞学,文章-教程-摄影,29732,38,1221,七七小菇凉
https://img.zcool.cn/community/0150085e749129a80121651834b752.jpg@260w_195h_1c_1e_1o_100sh.jpg,给宝宝的周岁礼,手工艺-其他手工,9820,20,165,王丹青爱手创
https://img.zcool.cn/community/01ea4a5e7473ffa80120a895dd86e0.jpg@260w_195h_1c_1e_1o_100sh.jpg,日常小事一件 20年3月篇,插画-插画习作,18254,58,730,宁大侠
https://img.zcool.cn/community/0122f55e74648aa801216518d3ef24.jpg@260w_195h_1c_1e_1o_100sh.jpg,巴德岗,摄影-人像,29589,52,642,摄影师蝈蝈小姐
https://img.zcool.cn/community/01ddfc5e74bb3ca80120a89533fb49.jpg@260w_195h_1c_1e_1o_100sh.jpg,为什么交互设计能帮助产品解决问题,文章-观点-多领域,23156,43,623,应骏
https://img.zcool.cn/community/016d025e749187a80120a89543339e.jpg@260w_195h_1c_1e_1o_100sh.jpg,女性向设计中的“实用美”—《食物语》视觉包装设计思路,文章-教程-多领域,16713,36,547,腾讯游戏学院
https://img.zcool.cn/community/015f505e746ee8a8012165182d6ae4.jpg@260w_195h_1c_1e_1o_100sh.jpg,腾讯跨界联名公仔 QQx一人之下,工业/产品-玩具,13208,66,371,TINYBRAND
https://img.zcool.cn/community/01262c5e745756a80120a89502993b.jpg@260w_195h_1c_1e_1o_100sh.jpg,Giant 2,插画-商业插画,12518,48,544,Tooth611
https://img.zcool.cn/community/01118f5e749b12a80121651809b463.jpg@260w_195h_1c_1e_1o_100sh.jpg,FStormRender工装家装作品,空间-室内设计,26610,45,428,大师一号壹哥
https://img.zcool.cn/community/0148a35e738befa801216518949ed6.jpg@260w_195h_1c_1e_1o_100sh.jpg,iOS与Android设计规范解析（一）,文章-观点-UI,21942,31,694,UX设计笔记
https://img.zcool.cn/community/03145aa5e730daaa801216518c64e45.jpg@260w_195h_1c_1e_1o_100sh.jpg,正反,摄影-人像,13133,40,265,Youth疯子
https://img.zcool.cn/community/0161685e74335fa801216518ea217c.jpg@260w_195h_1c_1e_1o_100sh.jpg,详情页,网页-电商,40847,169,1537,谢小董
https://img.zcool.cn/community/0106ce5e7429b7a801216518a6e190.jpg@260w_195h_1c_1e_1o_100sh.jpg,Bright的手写字体,平面-字体/字形,25900,95,833,Bright_Woo
https://img.zcool.cn/community/01c9bd5e741c42a801216518a51eaa.jpg@260w_195h_1c_1e_1o_100sh.jpg,Vietnam 110 Apartment,三维-建筑/空间,8723,52,323,AngleError
https://img.zcool.cn/community/0199285e73babaa801216518cb7fd3.jpg@260w_195h_1c_1e_1o_100sh.jpg,安踏 x COMOON：泡泡踩上瘾，裂变升级！,影视-宣传片,18226,26,426,COMOON
https://img.zcool.cn/community/01c4155e7384a6a8012165185e6078.jpg@260w_195h_1c_1e_1o_100sh.jpg,《818汽车之夜》动画片头,影视-栏目包装,12628,24,215,RPLUSDESIGN
https://img.zcool.cn/community/0180d65e738583a80120a895f0dcc0.jpg@260w_195h_1c_1e_1o_100sh.jpg,春天来啦! 打包上传2019!,三维-动画/影视,64856,39,1347,CHENsuosuo
https://img.zcool.cn/community/01bb2c5e733004a80120a895805b96.jpg@260w_195h_1c_1e_1o_100sh.jpg,《肩担日月斜昆仑.青刻魂.葡萄绒绒》日本颜彩-人川集,插画-其他插画,26732,45,486,白中南
https://img.zcool.cn/community/019f2c5e73392aa80120a895f7c9a0.jpg@260w_195h_1c_1e_1o_100sh.jpg,B端品牌如何面向C端用户,文章-观点-UI,15741,12,304,烨辰_Designer
https://img.zcool.cn/community/016cf25e72e548a80120a895b1bd43.jpg@260w_195h_1c_1e_1o_100sh.jpg,2019~2020《周末画报》合作合集,插画-其他插画,20500,35,718,孙璐哥哥
https://img.zcool.cn/community/01e1c55e72e28da801216518404f40.jpg@260w_195h_1c_1e_1o_100sh.jpg,《瓜里撸猫》,插画-插画习作,28872,56,1405,狐狸狐狸鱼
https://img.zcool.cn/community/01b6b05e733441a80120a895debff1.jpg@260w_195h_1c_1e_1o_100sh.jpg,【萌芽熊】春日好运正在派件，明天不来就是后天,动漫-三维动画,7316,38,313,萌芽熊DooroBear
