﻿图片地址,作品名称,作品类型,人气,评论数,点赞数,作者
https://img.zcool.cn/community/017a905e7f8165a80120a8956b4b32.jpg@260w_195h_1c_1e_1o_100sh.jpg,野狗富贵 | 99 little monsters,插画-其他插画,25895,110,1362,野狗富贵
https://img.zcool.cn/community/011bae5e804057a801216518992fc7.jpg@260w_195h_1c_1e_1o_100sh.jpg,三只松鼠青团/踏青团,平面-包装,59002,79,911,禾作文创
https://img.zcool.cn/community/0170cb5e7f3af8a80120a89556afaa.jpg@260w_195h_1c_1e_1o_100sh.jpg,手写美术字体,平面-字体/字形,21552,73,417,依然浚
https://img.zcool.cn/community/0192a05e800b45a80120a8953ff28d.jpg@260w_195h_1c_1e_1o_100sh.jpg,《致敬英雄》,摄影-人像,14612,34,601,吉他猪
https://img.zcool.cn/community/01f6955e6ed6aca801216518fd8d64.jpg@260w_195h_1c_1e_1o_100sh.jpg,Wonderland,三维-动画/影视,16760,92,458,Gshihao
https://img.zcool.cn/community/01bb185e7eed4aa80121651839bd1d.jpg@260w_195h_1c_1e_1o_100sh.jpg,一些铅笔手绘插图,插画-商业插画,34229,38,905,陆颗颗ing
https://img.zcool.cn/community/01bdd25e7f5d48a80120a895a668fe.jpg@260w_195h_1c_1e_1o_100sh.jpg,《明颗子》,插画-绘本,13301,43,462,尖角帽
https://img.zcool.cn/community/0189ad5e7ee8c7a8012165183e9ea0.jpg@260w_195h_1c_1e_1o_100sh.jpg,梦和文字的光,插画-商业插画,10483,28,712,小排排排
https://img.zcool.cn/community/019c695e803145a80120a895917489.jpg@260w_195h_1c_1e_1o_100sh.jpg,宅家系列老画变新图,插画-儿童插画,10069,17,315,胖蛇CHER
https://img.zcool.cn/community/0185745e7de6c2a801216518eae4ef.jpg@260w_195h_1c_1e_1o_100sh.jpg,绽影像之《七彩牧场II》,摄影-静物,10692,20,425,陈绽
https://img.zcool.cn/community/0106675e7dc3a9a80120a895fac5bc.jpg@260w_195h_1c_1e_1o_100sh.jpg,体系化设计助力抗疫——阿里防疫全球寻源平台设计,文章-观点-多领域,17476,17,519,阿里巴巴CBU设计
https://img.zcool.cn/community/01a8795e7c2105a80120a895c34553.jpg@260w_195h_1c_1e_1o_100sh.jpg,设计中被你忽略掉的画面表现力,文章-教程-多领域,32893,66,1672,Martin_K
https://img.zcool.cn/community/01d2645e7eee86a80120a895be8a07.jpg@260w_195h_1c_1e_1o_100sh.jpg,汉字境/一字禅《上林池馆酿三月》,平面-字体/字形,19894,36,289,zenith徐伟
https://img.zcool.cn/community/01c9db5e7dd417a80120a8954a4219.jpg@260w_195h_1c_1e_1o_100sh.jpg,2002 韩国陶器 infographic poster,平面-信息图表,8011,15,198,203_InfoLab
https://img.zcool.cn/community/018c6d5e7df756a801216518d5c7f8.jpg@260w_195h_1c_1e_1o_100sh.jpg,林川一目JOOEE&JOONI森林童话系列盲盒,手工艺-手办/模玩,55229,81,1117,冯早早哇
https://img.zcool.cn/community/01fb8c5e7dbdb8a80121651864db80.jpg@260w_195h_1c_1e_1o_100sh.jpg,关于春,插画-商业插画,45921,241,4019,麦伢
https://img.zcool.cn/community/019a4b5e7d5290a8012165181f3c58.jpg@260w_195h_1c_1e_1o_100sh.jpg,VIVO X30 Pro aw联名限定版&OPPO FINDX2 PRO,摄影-产品,37392,72,365,X老师会拍照
https://img.zcool.cn/community/010ba95e7d61faa80120a89531b9ba.jpg@260w_195h_1c_1e_1o_100sh.jpg,纯手工双面刺绣葫（福）芦（禄）荷包,手工艺-其他手工,12672,23,165,王丹青爱手创
https://img.zcool.cn/community/01118e5e7d8ca7a80120a895db336a.jpg@260w_195h_1c_1e_1o_100sh.jpg,短发与长发,插画-其他插画,22886,39,1301,森林数字艺术莫娜
https://img.zcool.cn/community/0153025e7cd488a8012165181e2b8c.jpg@260w_195h_1c_1e_1o_100sh.jpg,一套概念,插画-概念设定,17885,33,413,殷正
https://img.zcool.cn/community/01ec435e7c89d2a80120a895d0cfb4.jpg@260w_195h_1c_1e_1o_100sh.jpg,想和你聊聊虚拟制作,影视-后期/剪辑,16184,28,429,PIXOMONDO
https://img.zcool.cn/community/01fdf15e7c600ba80121651832f595.jpg@260w_195h_1c_1e_1o_100sh.jpg,夏宴—花酒包装设计,平面-包装,16748,44,407,郑霄
https://img.zcool.cn/community/017b9e5e7c71e7a801216518b9a3dd.jpg@260w_195h_1c_1e_1o_100sh.jpg,【萌芽熊】愿世间美好与你环环相扣,动漫-三维动画,10865,54,648,萌芽熊DooroBear
https://img.zcool.cn/community/031dfa45e7c6f04a80120a8957a36d1.jpg@260w_195h_1c_1e_1o_100sh.jpg,大巫·方相氏,纯艺术-水彩,18419,91,1283,画师杉泽
https://img.zcool.cn/community/0138f55e7c4bd7a80120a8952c0eb7.jpg@260w_195h_1c_1e_1o_100sh.jpg,VI设计 餐饮品牌 餐饮设计 餐饮VI 品牌设计,平面-品牌,79218,177,1988,郑昌洪
https://img.zcool.cn/community/0145b75e7b333ea801216518c63b59.jpg@260w_195h_1c_1e_1o_100sh.jpg,Redmi K30 Pro × 速度与激情,三维-动画/影视,23159,71,630,景琦JQ
https://img.zcool.cn/community/01d4605e7c5f08a80120a895b0fb17.jpg@260w_195h_1c_1e_1o_100sh.jpg,非人哉547-548,动漫-短篇/四格漫画,22799,72,907,非人哉漫画
https://img.zcool.cn/community/01c0fa5e7c1e6ca801216518c61bc0.jpg@260w_195h_1c_1e_1o_100sh.jpg,窜天鼠D2020型 ReflexDesign New Year Gift,平面-包装,23304,54,1080,ReflexDesign
https://img.zcool.cn/community/013f9b5e7c5b4fa80120a895e5c901.jpg@260w_195h_1c_1e_1o_100sh.jpg,《唐人街探案》网剧版系列海报,平面-海报,26104,60,625,赵力视觉
https://img.zcool.cn/community/03158355e7c2fe8a801216518c0f539.jpg@260w_195h_1c_1e_1o_100sh.jpg,九山剧情,插画-插画习作,40135,97,802,DADA插画
https://img.zcool.cn/community/0141755e7c1886a80120a895bd9e34.jpg@260w_195h_1c_1e_1o_100sh.jpg,IP人物形象设计+3D建模合集,平面-吉祥物,20783,63,1039,卜拿星文化
https://img.zcool.cn/community/01c1e35e2570b8a801216518322c6c.jpg@260w_195h_1c_1e_1o_100sh.jpg,近期网页设计,网页-企业官网,21656,60,646,zack820
https://img.zcool.cn/community/01002a5e7a5333a80121651879e4d4.jpg@260w_195h_1c_1e_1o_100sh.jpg,RayData疫情态势数据可视化系统,UI-其他UI  ,60363,121,1241,光启元行业研究院
https://img.zcool.cn/community/0121695e7cd4a0a80120a895ef0cc9.jpg@260w_195h_1c_1e_1o_100sh.jpg,「知群X知乎 中国产品设计大赛」成为更好的自己,UI-APP界面,50809,316,1408,BridgeQ
https://img.zcool.cn/community/01afa85e7b88fea80120a89564577b.jpg@260w_195h_1c_1e_1o_100sh.jpg,小米手表Color | 视觉整案,网页-电商,25512,61,657,PaulChan
https://img.zcool.cn/community/0147055e7bf613a80120a89567dc7b.jpg@260w_195h_1c_1e_1o_100sh.jpg,糯糯白色蕾丝裙,服装-休闲/流行服饰,17707,30,354,婚纱设计师兰奕
https://img.zcool.cn/community/0175145e79e108a80120a8959d0df0.jpg@260w_195h_1c_1e_1o_100sh.jpg,报纸+杂志 插画&GIF,插画-商业插画,12765,5,288,MengxinLi
https://img.zcool.cn/community/01cab65e679a32a80120a8957cdb8d.jpg@260w_195h_1c_1e_1o_100sh.jpg,海信50周年 品牌宣传片,影视-宣传片,20113,16,472,CCLab
https://img.zcool.cn/community/0116015e7b07d0a801216518175c12.jpg@260w_195h_1c_1e_1o_100sh.jpg,乐轻然矿泉水饮品平面拍摄,摄影-人像,34599,54,636,武减武文化创意
https://img.zcool.cn/community/0180025e79e6f8a80120a895957693.jpg@260w_195h_1c_1e_1o_100sh.jpg,花季如何拍出美美的古风照,文章-教程-摄影,22114,36,764,摄影师蝈蝈小姐
