﻿图片地址,作品名称,作品类型,人气,评论数,点赞数,作者
https://img.zcool.cn/community/0156265e6a046da80120a895e9fd43.jpg@260w_195h_1c_1e_1o_100sh.jpg,HEREidea英合创意｜ 原创作品：《潮流合伙人》,平面-海报,26946,70,1141,HEREidea英合创意
https://img.zcool.cn/community/012f275e6aab24a80120a895e09a49.jpg@260w_195h_1c_1e_1o_100sh.jpg,我叫 MR&#39;S KAREN,平面-吉祥物,29250,109,1147,涅槃创设
https://img.zcool.cn/community/03175e85e6a371da8012165181b8da5.jpg@260w_195h_1c_1e_1o_100sh.jpg,IMAX2020新春主视觉,插画-商业插画,16281,36,895,矮肥才华有限
https://img.zcool.cn/community/015d5b5e6a0398a80120a89576c0b6.jpg@260w_195h_1c_1e_1o_100sh.jpg,貓Gの2017作品集,插画-其他插画,33620,77,786,纠结的貓G
https://img.zcool.cn/community/0155605e6a10b6a8012165185daad2.jpg@260w_195h_1c_1e_1o_100sh.jpg,如果你见到了春天，跟它说我也在找它,插画-商业插画,42357,89,2489,猫矮_MAOI
https://img.zcool.cn/community/0177705e6b1beaa80120a89597f1a1.jpg@260w_195h_1c_1e_1o_100sh.jpg,众神归位，万邪皆克,插画-商业插画,32985,79,2037,隋伟康
https://img.zcool.cn/community/010d7a5e69eee2a801216518978f78.jpg@260w_195h_1c_1e_1o_100sh.jpg,vivo V17 极点屏 一点灵晰.,影视-宣传片,26105,20,410,UIDWORKS
https://img.zcool.cn/community/01bbaf5e69eeb0a801216518f78710.jpg@260w_195h_1c_1e_1o_100sh.jpg,天猫·多种风格混搭动画《买什么篇》,动漫-其他动漫,20815,59,1142,青芥制作WASABI
https://img.zcool.cn/community/01160b5e69f848a80121651860b32f.jpg@260w_195h_1c_1e_1o_100sh.jpg,非人哉541-544,动漫-短篇/四格漫画,23310,51,1124,非人哉漫画
https://img.zcool.cn/community/018b275e68a2d8a8012165189322f1.jpg@260w_195h_1c_1e_1o_100sh.jpg,realme X50 Pro x dcp,三维-产品,12963,58,695,DCPproduction
https://img.zcool.cn/community/01d1a95e6915fca8012165189a1a05.jpg@260w_195h_1c_1e_1o_100sh.jpg,BRATTY/HORRORMOVIE,平面-海报,9197,84,468,BRAT1
https://img.zcool.cn/community/0137035e68b20aa80120a8958e45a2.jpg@260w_195h_1c_1e_1o_100sh.jpg,除了帮人打工，做点自己的产品， 设计师的B面看着也不赖！,文章-观点-多领域,32634,28,306,晋小彦
https://img.zcool.cn/community/01655d5e68b535a80121651853aa1c.jpg@260w_195h_1c_1e_1o_100sh.jpg,CSS中国互联网安全领袖峰会,三维-动画/影视,10212,10,177,菱视文化传媒
https://img.zcool.cn/community/01b7295e68a80fa8012165183ea5d5.jpg@260w_195h_1c_1e_1o_100sh.jpg,国风IP小松鼠天天,平面-吉祥物,15009,88,1043,钱江盖饭
https://img.zcool.cn/community/0123f75e6881eea8012165188c6b61.jpg@260w_195h_1c_1e_1o_100sh.jpg,艾美特/东芝/腾讯详情合集x3,网页-电商,36511,140,1280,松鼠视觉传媒
https://img.zcool.cn/community/01d1095e67a442a80120a895a3b1bc.jpg@260w_195h_1c_1e_1o_100sh.jpg,深耕“用户界面”（下篇）- 界面设计科学化内容传达,文章-观点-UI,20629,62,658,孔雅轩LineVision
https://img.zcool.cn/community/01a4725e688141a8012165189056c0.jpg@260w_195h_1c_1e_1o_100sh.jpg,ZHOUSHIYAN-2020 未发表公开,平面-品牌,74280,81,443,ETHAN_CHOU
https://img.zcool.cn/community/01e4e65e67e513a80120a895e91ba1.jpg@260w_195h_1c_1e_1o_100sh.jpg,real smile笑的渐进式【动物摄影师何某某个人作品25】,摄影-动物,45859,158,846,超级何某某
https://img.zcool.cn/community/0194b25e6800b9a801216518dc8fcf.jpg@260w_195h_1c_1e_1o_100sh.jpg,创意视觉『 天猫｜年货节 』✖ 新罐头,摄影-静物,41580,32,657,新罐头工厂
https://img.zcool.cn/community/010f495e675c37a80120a89582e62f.jpg@260w_195h_1c_1e_1o_100sh.jpg,京东金融守护小星球游戏动效分享,UI-游戏UI,13271,26,309,京东金融JXD
https://img.zcool.cn/community/01a2265e6881e8a80121651838db3d.jpg@260w_195h_1c_1e_1o_100sh.jpg,赵鑫 莲花帝国 画画 2020,插画-商业插画,10633,24,151,莲花帝国
https://img.zcool.cn/community/017d715e6710bfa80121651879e784.jpg@260w_195h_1c_1e_1o_100sh.jpg,腾讯JOOX • 2019年圣诞节推广视频及周边设计,三维-动画/影视,12086,20,483,一米天文化
https://img.zcool.cn/community/014b3b5e679b7ca8012165183d6e98.jpg@260w_195h_1c_1e_1o_100sh.jpg,表情包,动漫-其他动漫,37364,111,1177,一帧创设
https://img.zcool.cn/community/013fff5e679485a80120a895fd964a.jpg@260w_195h_1c_1e_1o_100sh.jpg,MARKII,平面-吉祥物,17701,52,1068,阿奤
https://img.zcool.cn/community/01dafc5e6743a7a80120a8957a0e2a.jpg@260w_195h_1c_1e_1o_100sh.jpg,天猫国际《给你全世界的春天》动画视频,插画-商业插画,13830,11,393,晚門
https://img.zcool.cn/community/01b7605e67f74ea801216518d1e4a5.jpg@260w_195h_1c_1e_1o_100sh.jpg,迪士尼中秋海报,插画-商业插画,20690,53,1605,木鼠
https://img.zcool.cn/community/01d6805e675653a8012165184a6448.jpg@260w_195h_1c_1e_1o_100sh.jpg,钟风华西游记系列作品新作《魔礼青》,插画-游戏原画,15811,15,501,艺数绘CG
https://img.zcool.cn/community/01a2c15e684e53a80120a895a3a5ae.jpg@260w_195h_1c_1e_1o_100sh.jpg,木言-《二十八宿·玄武白虎》,插画-其他插画,21338,32,770,木言木言木言
https://img.zcool.cn/community/01622f5e67d65ba8012165189aa95b.jpg@260w_195h_1c_1e_1o_100sh.jpg,原创皮塑作品《塔吉克母亲》,手工艺-皮艺,7546,31,529,孟璐璐V
https://img.zcool.cn/community/0173225e66f155a80120a895335e3d.jpg@260w_195h_1c_1e_1o_100sh.jpg,一刻相册-从0-1设计背后的故事。,文章-观点-UI,22494,121,742,苏大牙
https://img.zcool.cn/community/01bcdf5e674ac0a801216518b97520.jpg@260w_195h_1c_1e_1o_100sh.jpg,《和巾帼木兰回部落过年》定格动画花絮,影视-宣传片,7646,24,352,润物定格动画
https://img.zcool.cn/community/013f9a5e66e7aaa80120a895ea9a54.jpg@260w_195h_1c_1e_1o_100sh.jpg,我和我的小伙伴,插画-商业插画,8888,21,169,碳碳
https://img.zcool.cn/community/0179dc5e671207a8012165188c8890.jpg@260w_195h_1c_1e_1o_100sh.jpg,bunny圣诞系列,手工艺-手办/模玩,12491,21,168,小纯纯儿
https://img.zcool.cn/community/014f395e66fac9a801216518a45a15.jpg@260w_195h_1c_1e_1o_100sh.jpg,水兵悦的日常·消失的一年大事记,动漫-短篇/四格漫画,13800,75,421,Moon悦悦
https://img.zcool.cn/community/012abd5e662a7fa80120a895c16951.jpg@260w_195h_1c_1e_1o_100sh.jpg,上行设计-2019年商业案例合集,平面-品牌,65356,45,745,石昌鸿
https://img.zcool.cn/community/01f2585e665e44a801216518a77a69.jpg@260w_195h_1c_1e_1o_100sh.jpg,作品整理,插画-其他插画,12653,72,936,晓前
https://img.zcool.cn/community/01bcbf5e662f71a80120a8958b6cc1.jpg@260w_195h_1c_1e_1o_100sh.jpg,【字绘中国】艺起抗疫 共克时艰,平面-海报,25219,46,816,91comer
https://img.zcool.cn/community/014b215e66eec5a80120a8956a5c43.jpg@260w_195h_1c_1e_1o_100sh.jpg,你一定/也是某个人的奇迹/绘本插画,插画-绘本,33259,128,1591,ciao大榴莲
https://img.zcool.cn/community/activity_cover/9e0b5e6761bb0000011f3fd537bc.jpg@260w_195h_1c_1e_1o_100sh.jpg,高手坐堂——资深插画师，莫矜,活动-线上活动,32724,无,1216,站酷高高手
https://img.zcool.cn/community/0136a85e660086a80121651865d4e9.jpg@260w_195h_1c_1e_1o_100sh.jpg,斗法——齐天大圣vs哪吒三太子,插画-商业插画,15992,55,446,蓝斓岚
