﻿图片地址,作品名称,作品类型,人气,评论数,点赞数,作者
https://img.zcool.cn/community/0124505e899958a801216518b4dcc1.jpg@260w_195h_1c_1e_1o_100sh.jpg,七贤,插画-其他插画,12833,23,735,wmm14893986
https://img.zcool.cn/community/03109335e8893cba80120a895784b1e.jpg@260w_195h_1c_1e_1o_100sh.jpg,绘本 | 了不起的中国体育,插画-商业插画,12048,23,434,朝朝兰
https://img.zcool.cn/community/03186ce5e883dd3a80120a895a3baef.jpg@260w_195h_1c_1e_1o_100sh.jpg,和哀悼日相锲和的一本绘本,插画-绘本,15015,29,523,胖蛇CHER
https://img.zcool.cn/community/031cc005e878f9ea80120a895b1b25b.jpg@260w_195h_1c_1e_1o_100sh.jpg,有死之冢/,插画-其他插画,6851,18,304,殷正
https://img.zcool.cn/community/01b4255e879d61a80121651896cf74.jpg@260w_195h_1c_1e_1o_100sh.jpg, 無 字  ,插画-插画习作,52935,166,2037,YOUNGIKE
https://img.zcool.cn/community/01b39c5e8734e3a801216518738b2c.jpg@260w_195h_1c_1e_1o_100sh.jpg,革也X清猫绘 萌宠系列小黑盒来袭,手工艺-皮艺,11936,77,172,革也GeYe
https://img.zcool.cn/community/01b3775e87d9b8a80120a89582828e.jpg@260w_195h_1c_1e_1o_100sh.jpg,志哀。 万物为尘，永生不忘。,摄影-静物,9762,26,258,山林食纪
https://img.zcool.cn/community/01c1aa5e86f7aba80120a8957b055f.jpg@260w_195h_1c_1e_1o_100sh.jpg,经典回归，DNF手游公测官宣KV项目回顾,插画-游戏原画,28232,149,946,畅想东方
https://img.zcool.cn/community/01d0505e86c4eda8012165180e612a.jpg@260w_195h_1c_1e_1o_100sh.jpg,32幅时尚插画中的男神/你爱哪一位他？,插画-商业插画,32932,333,2151,Marina任桃桃
https://img.zcool.cn/community/014b915e86e81aa80120a895f5b599.jpg@260w_195h_1c_1e_1o_100sh.jpg,TBclub商业网页集-2020,网页-企业官网,22370,72,349,王涛wangtao
https://img.zcool.cn/community/01b43c5e86d293a80120a895762be1.jpg@260w_195h_1c_1e_1o_100sh.jpg,囡囡，复古蕾丝娃娃裙,服装-休闲/流行服饰,14834,32,275,婚纱设计师兰奕
https://img.zcool.cn/community/01040a5e71bd0da8012165189bb077.jpg@260w_195h_1c_1e_1o_100sh.jpg,LOL黎明与黑夜皮肤宣传视频H5,三维-动画/影视,19787,61,690,一只YIZ
https://img.zcool.cn/community/018c265e86ca1ca80121651891a0fd.jpg@260w_195h_1c_1e_1o_100sh.jpg,babycare店铺视觉全新升级,网页-电商,22327,54,715,SHEMO张帅
https://img.zcool.cn/community/01c5e25e86ae3ca80120a89501d564.jpg@260w_195h_1c_1e_1o_100sh.jpg,字体设计－书法呈现,平面-字体/字形,40855,69,1531,是無山居人
https://img.zcool.cn/community/0129955e86e1a4a801216518b5e959.jpg@260w_195h_1c_1e_1o_100sh.jpg,黑暗之魂 亚尔特留斯,三维-人物/生物,8708,19,310,ziodai
https://img.zcool.cn/community/01b1265e86d7b3a801216518e5dfac.jpg@260w_195h_1c_1e_1o_100sh.jpg,完美世界 CG高清版,三维-动画/影视,12663,29,282,POPIC动画
https://img.zcool.cn/community/0196215e869e54a80120a89569ccbc.jpg@260w_195h_1c_1e_1o_100sh.jpg,VCD | 2019 SHOWREEL NO.2,网页-专题/活动,26634,52,713,VCDlab
https://img.zcool.cn/community/01576b5e86b599a801216518465906.jpg@260w_195h_1c_1e_1o_100sh.jpg,建立-空间的层次思维,文章-教程-平面,21296,71,1158,设猎派
https://img.zcool.cn/community/0131fc5e86b3b2a80120a89517ec50.jpg@260w_195h_1c_1e_1o_100sh.jpg,网易严选×上海美术电影制片厂【葫芦兄弟】联名系列,工业/产品-生活用品,28097,85,779,网易严选IDC
https://img.zcool.cn/community/activity_cover/97535e8401e700000158f856bd8e.jpg@260w_195h_1c_1e_1o_100sh.jpg,小Z的旅城，14载，有你才酷—站酷14周年贺图征集,活动-线上活动,17272,无,614,站酷小Z
https://img.zcool.cn/community/01cd7b5e86024ba8012165189916e4.jpg@260w_195h_1c_1e_1o_100sh.jpg,蛋黄猫18,动漫-网络表情,11327,35,297,李纬一
https://img.zcool.cn/community/01a27e5e8483f7a80120a895263674.jpg@260w_195h_1c_1e_1o_100sh.jpg,乐高版 任天堂红白机&复古彩色电视机、大哥大、太空船,手工艺-其他手工,28584,26,234,G.S
https://img.zcool.cn/community/0177145e85a66aa8012165187a4e74.jpg@260w_195h_1c_1e_1o_100sh.jpg,【莲羊讲岩彩】花冠小仙·鹿 ,纯艺术-其他艺创,10374,19,568,莲羊
https://img.zcool.cn/community/01e2f65e858179a80120a8957aa0c3.jpg@260w_195h_1c_1e_1o_100sh.jpg,2020年4月,插画-儿童插画,26062,31,477,liarsliar
https://img.zcool.cn/community/0158915e85acf4a80120a89564bf55.jpg@260w_195h_1c_1e_1o_100sh.jpg,在爱消失前，你会用力记住的人是谁？,动漫-三维动画,9920,46,459,萌芽熊DooroBear
https://img.zcool.cn/community/0117505e85891aa80120a895260790.jpg@260w_195h_1c_1e_1o_100sh.jpg,1956 Mercedes Benz 300SL Gullwing UE4 Reserach,三维-机械/交通,21682,44,301,mclovin
https://img.zcool.cn/community/0316fee5e855c52a8012165187d1c90.jpg@260w_195h_1c_1e_1o_100sh.jpg,2020年的几张风景小画,纯艺术-油画,15915,82,950,HUANGDI
https://img.zcool.cn/community/0196695e859a31a801216518a899c2.jpg@260w_195h_1c_1e_1o_100sh.jpg,为了设计更好的深色模式,文章-观点-UI,23846,89,1285,残酷de乐章
https://img.zcool.cn/community/01a4295e85876da801216518d03feb.jpg@260w_195h_1c_1e_1o_100sh.jpg,MONK萌克 卡通形象,平面-吉祥物,20015,41,612,天空之城的下水道
https://img.zcool.cn/community/0148345e859647a801216518ac89a2.jpg@260w_195h_1c_1e_1o_100sh.jpg,非人哉549-550,动漫-短篇/四格漫画,22592,54,935,非人哉漫画
https://img.zcool.cn/community/019ca85e8481ffa80120a8956ddb20.jpg@260w_195h_1c_1e_1o_100sh.jpg,藏地行纪,摄影-人文/纪实,51138,89,1017,叶子映像
https://img.zcool.cn/community/016e9e5e85661ca80121651880c609.jpg@260w_195h_1c_1e_1o_100sh.jpg,一束光 绘世界 Light the world up 光绘创作,摄影-其他摄影,13953,40,260,Roywang
https://img.zcool.cn/community/01166c5e854f3ea80120a895a2712f.jpg@260w_195h_1c_1e_1o_100sh.jpg,realme 6i 清新来袭_by seenvision,三维-动画/影视,13825,51,579,SEENVISION
https://img.zcool.cn/community/0124905e85550ca8012165182cc5dd.jpg@260w_195h_1c_1e_1o_100sh.jpg,3月详情集,网页-电商,22106,332,663,经纬_线
https://img.zcool.cn/community/0103225e84bb26a80120a895b87bc4.jpg@260w_195h_1c_1e_1o_100sh.jpg,《小学生时代》杂志封面,插画-儿童插画,9526,19,421,逆行阿星
https://img.zcool.cn/community/01b1325e8461bea80120a895117ed1.jpg@260w_195h_1c_1e_1o_100sh.jpg,三月份经典电影海报,插画-商业插画,11962,34,670,矮肥才华有限
https://img.zcool.cn/community/01beee5e8458d3a8012165183743a2.jpg@260w_195h_1c_1e_1o_100sh.jpg,怎么让“神兽”活灵活现？这本西方“山海经”告诉你！,文章-教程-插画,11001,18,437,爱读书的小Z
https://img.zcool.cn/community/0110e75e843354a801216518f11a0d.jpg@260w_195h_1c_1e_1o_100sh.jpg,《中华民族神话与传说》插图合集一,插画-商业插画,38149,130,3063,雪鱼
https://img.zcool.cn/community/0318c845e8441a6a801216518474ec6.jpg@260w_195h_1c_1e_1o_100sh.jpg,四季的歌,插画-绘本,11619,12,511,画画的须臾
https://img.zcool.cn/community/01a1fd5e8448caa80120a895bc052e.jpg@260w_195h_1c_1e_1o_100sh.jpg,在我的房间里,动漫-绘本,28883,90,2042,李彬BinLee
