﻿图片地址,作品名称,作品类型,人气,评论数,点赞数,作者
https://img.zcool.cn/community/016f525e844293a80120a89543184a.jpg@260w_195h_1c_1e_1o_100sh.jpg,小Z的旅城 14载,插画-涂鸦/潮流,17179,70,842,齐天大宋
https://img.zcool.cn/community/0194a65e842beba801216518c759a6.jpg@260w_195h_1c_1e_1o_100sh.jpg,雅阁10代——体验设计驾驶指导方案,UI-APP界面,21684,54,263,卉大大
https://img.zcool.cn/community/010a155e8430dda80120a8957bd2cb.jpg@260w_195h_1c_1e_1o_100sh.jpg,设计大事件【2020年3月下】,文章-资讯-多领域,14758,21,233,站酷网
https://img.zcool.cn/community/01ad725e842ac6a80120a895c1851d.jpg@260w_195h_1c_1e_1o_100sh.jpg,realme X2 pro手机拍摄样片,摄影-时尚,32172,41,404,武减武文化创意
https://img.zcool.cn/community/011a655e8410f7a80120a8951e2333.jpg@260w_195h_1c_1e_1o_100sh.jpg,生命非玩物 猫狗保护公益动画,影视-Motion Graphic,11614,37,594,魔格工作室
https://img.zcool.cn/community/0174045e83fe20a80120a895375f4c.jpg@260w_195h_1c_1e_1o_100sh.jpg,2020年初的随身本子,插画-其他插画,23228,115,2031,丁几huangding
https://img.zcool.cn/community/013dde5e83fabda801216518605372.jpg@260w_195h_1c_1e_1o_100sh.jpg,白马秋风塞上，杏花烟雨江南。,摄影-风光,14636,36,672,陈帆fotochen
https://img.zcool.cn/community/03154385e83e277a80120a895c7eccb.jpg@260w_195h_1c_1e_1o_100sh.jpg,三月的风,纯艺术-水彩,15450,21,338,鍾大年儿
https://img.zcool.cn/community/0179b75e82eab5a801216518d73267.jpg@260w_195h_1c_1e_1o_100sh.jpg,网络上的另一个我 | 00后人设剖析,文章-观点-多领域,13802,60,269,腾讯ISUX
https://img.zcool.cn/community/0176635e8305f3a801216518121b2d.jpg@260w_195h_1c_1e_1o_100sh.jpg,美康粉黛 勇气系列 雕花口红,平面-包装,34907,83,483,念相
https://img.zcool.cn/community/01bab95e837913a80121651879813d.jpg@260w_195h_1c_1e_1o_100sh.jpg,2019插画总结,插画-其他插画,86240,116,2841,一只大呵欠
https://img.zcool.cn/community/0109625e835a16a80120a895970111.jpg@260w_195h_1c_1e_1o_100sh.jpg,周梦怡——太阳神系列2.0女包设计,服装-其他服装,39948,88,397,女包设计师周梦怡
https://img.zcool.cn/community/01e6e75e832302a801216518056cba.jpg@260w_195h_1c_1e_1o_100sh.jpg,梦·樱,摄影-人像,34245,80,1001,知竹zZ
https://img.zcool.cn/community/000c115e8330b9a80120a895769733.png@260w_195h_1c_1e_1o_100sh.jpg,《虚拟社区-I Home》,插画-概念设定,13546,26,342,林钿lintian
https://img.zcool.cn/community/01cac75e82f96da80120a89510538e.jpg@260w_195h_1c_1e_1o_100sh.jpg,Mr.Z 熊應雄,手工艺-手办/模玩,22393,72,581,jungleBK13
https://img.zcool.cn/community/0134cb5e83035ea8012165180885e8.jpg@260w_195h_1c_1e_1o_100sh.jpg,【開天DC系列· 1/1超人半身像正式公佈】,手工艺-手办/模玩,15294,37,201,开天工作室
https://img.zcool.cn/community/0104455da43c5ea801204cd0430e14.jpg@260w_195h_1c_1e_1o_100sh.jpg,Islandia,影视-短片,19732,62,864,Madebyvadim
https://img.zcool.cn/community/0184a05e82f8b0a80120a8954c168c.jpg@260w_195h_1c_1e_1o_100sh.jpg,ZIROOM【防疫系列海报】,网页-专题/活动,23955,46,847,伍陆柒_
https://img.zcool.cn/community/016a915e82afc3a80120a895fbc1a6.jpg@260w_195h_1c_1e_1o_100sh.jpg,冬言Dongyan / 2019年度总结,插画-商业插画,30200,137,868,冬言
https://img.zcool.cn/community/0319aad5e82b53fa80120a8958affee.jpg@260w_195h_1c_1e_1o_100sh.jpg,八仙九猫-插画,插画-商业插画,36188,54,1059,晓晓村长
https://img.zcool.cn/community/031a23f5e82e89aa801216518c6ad90.jpg@260w_195h_1c_1e_1o_100sh.jpg,「茶福」标志设计,平面-标志,20722,47,684,青空Design
https://img.zcool.cn/community/01f5bf5e82f168a801216518b399ce.jpg@260w_195h_1c_1e_1o_100sh.jpg,孙燕姿 x 仙境传说RO：守护永恒的爱,平面-海报,11698,37,344,LxA_Design
https://img.zcool.cn/community/01f3e05e82ab74a80121651822d0bd.jpg@260w_195h_1c_1e_1o_100sh.jpg,如何评价微信新上线的深色模式？,文章-观点-UI,29952,119,706,酸梅干超人
https://img.zcool.cn/community/01da465e79ec57a80120a8953eb356.jpg@260w_195h_1c_1e_1o_100sh.jpg,OPPO Reno3 外观短片,三维-产品,14120,27,437,CCLab
https://img.zcool.cn/community/01a2735e821554a80121651831960c.jpg@260w_195h_1c_1e_1o_100sh.jpg,【海信国际】电视项目作品分享,网页-电商,44498,129,1596,杰克sean
https://img.zcool.cn/community/01324f5e81bf87a80121651864af15.jpg@260w_195h_1c_1e_1o_100sh.jpg,AIS&#39;UI 小米小爱触屏音箱系统UI设计,UI-软件界面,47144,82,1391,小米智能创意设计
https://img.zcool.cn/community/016b655e81e2eaa801216518f280fe.jpg@260w_195h_1c_1e_1o_100sh.jpg,曙光·胜战,插画-插画习作,17310,92,1611,插画杨权
https://img.zcool.cn/community/016d205e81731aa80120a895a57cb5.jpg@260w_195h_1c_1e_1o_100sh.jpg,NIKE — HYPERLOCAL GRAPHIC 门店定制图形,插画-商业插画,15039,33,643,lyd李一丹
https://img.zcool.cn/community/0022f35e816bcca8012165188cdb84.png@260w_195h_1c_1e_1o_100sh.jpg,未来手机 iQOO概念设计,插画-概念设定,9574,13,248,刃一
https://img.zcool.cn/community/017d045e81aea1a801216518b4f5ec.jpg@260w_195h_1c_1e_1o_100sh.jpg,框物小边几 | Basket side table,工业/产品-家具,11645,23,246,杏仁菜菜头
https://img.zcool.cn/community/015bbe5e81a4e3a8012165185970dd.jpg@260w_195h_1c_1e_1o_100sh.jpg,【2019】卡通形象案例展示Ⅱ,平面-吉祥物,17686,27,539,STARTALK星话
https://img.zcool.cn/community/03129b75e8152b9a801216518774637.jpg@260w_195h_1c_1e_1o_100sh.jpg,小结一下,插画-商业插画,50202,122,2054,LOVLSQ
https://img.zcool.cn/community/01c5f05e818f3ba80120a89552d375.jpg@260w_195h_1c_1e_1o_100sh.jpg,2020 | 3月产品详情页合集,网页-电商,41328,195,979,Jeremy小江
https://img.zcool.cn/community/011a165e818008a80121651881bca9.jpg@260w_195h_1c_1e_1o_100sh.jpg,毕业季|PN毕业要去幼稚园啦!,动漫-中/长篇漫画,9251,44,351,伊月eyue
https://img.zcool.cn/community/013da35e816066a80120a895039286.jpg@260w_195h_1c_1e_1o_100sh.jpg,憨猫呆咪2表情上线,动漫-网络表情,14483,30,463,噗噗爱画画
https://img.zcool.cn/community/01c5995e815a6ea8012165184fb200.jpg@260w_195h_1c_1e_1o_100sh.jpg,关于纸的创作--《日常之物》第二期,摄影-静物,19846,85,901,当下视觉摄影
https://img.zcool.cn/community/0151065e80b9bda801216518167a89.jpg@260w_195h_1c_1e_1o_100sh.jpg,EVILBUNNY·LAB | 武装计划,平面-其他平面,17079,60,981,7inx白湫
https://img.zcool.cn/community/0086d95e80a48fa801216518d5789c.png@260w_195h_1c_1e_1o_100sh.jpg,iQOO|2069 未知的次世代,平面-其他平面,15802,76,815,Axiu_Namgart
https://img.zcool.cn/community/010d905e80a75aa801216518efb948.jpg@260w_195h_1c_1e_1o_100sh.jpg,低饱和青橙色调几步搞定，Lightroom网红后期调色教程,摄影-风光,29656,74,1177,thomas看看世界
https://img.zcool.cn/community/01cf1e5e815778a80120a8954b324a.jpg@260w_195h_1c_1e_1o_100sh.jpg,动物不凶猛——手绘动物集合,纯艺术-彩铅,25371,35,412,柴永生
