﻿图片地址,作品名称,作品类型,人气,评论数,点赞数,作者
https://img.zcool.cn/community/0164de5e90693aa80120a89587ba38.jpg@260w_195h_1c_1e_1o_100sh.jpg,Satyr Rory潘神爱丽丝系列,摄影-产品,28589,11,687,再不饭
https://img.zcool.cn/community/0156975e8edc81a80120a895d8c3ba.jpg@260w_195h_1c_1e_1o_100sh.jpg,Chiii Design × Tom Dixon | 英国著名的家具品牌,平面-品牌,15139,5,324,Chiiidesign
https://img.zcool.cn/community/0119305e8d40eba801216518325b46.jpg@260w_195h_1c_1e_1o_100sh.jpg,#2019淘宝造物节# - 品牌设计全案,平面-品牌,18954,15,985,淘宝创意部
https://img.zcool.cn/community/015a755e906d43a80120a89579bbbf.jpg@260w_195h_1c_1e_1o_100sh.jpg,Sisyphus Happy,插画-其他插画,27811,6,1639,Tong_W
https://img.zcool.cn/community/01187a5e8eb4e5a80120a895b5f825.jpg,武汉城市风光,特别企划,无,无,无,站酷海洛
https://img.zcool.cn/community/00246f5e8fceada80121651824f3fb.png@260w_195h_1c_1e_1o_100sh.jpg,OPPO Watch 表盘设计,UI-主题/皮肤,19921,16,930,梦灵君
https://img.zcool.cn/community/013e685e9086e5a801216518d8c03a.jpg@260w_195h_1c_1e_1o_100sh.jpg,压力成就不凡/华帝X吴亦凡,影视-短片,9682,6,160,The_Nine
https://img.zcool.cn/community/01a9195e906cc2a801216518576aea.jpg@260w_195h_1c_1e_1o_100sh.jpg,FStormRender家具展厅表现,空间-室内设计,16779,6,300,大师一号壹哥
https://img.zcool.cn/community/00c66e5e902b38a8012165183fcd1f.png@260w_195h_1c_1e_1o_100sh.jpg,IQOO-[创戒] 丨指向未来,平面-其他平面,11840,22,819,JIMFOUR林
https://img.zcool.cn/community/0140b35e9033aaa80120a895125112.jpg@260w_195h_1c_1e_1o_100sh.jpg,SketchBook.Mar.,插画-插画习作,13007,19,867,Czech
https://img.zcool.cn/community/011d405e900e5fa80120a895a8ba74.jpg@260w_195h_1c_1e_1o_100sh.jpg,Casarte&Joyoung破壁机详情页,网页-电商,14099,35,674,火之鸟SUNBIRD
https://img.zcool.cn/community/015dc55e7d6915a8012165181cfcc4.jpg@260w_195h_1c_1e_1o_100sh.jpg,《沉睡与凋零》,插画-游戏原画,8945,4,437,艺数绘CG
https://img.zcool.cn/community/0139b15e903e35a801216518a8fa31.jpg@260w_195h_1c_1e_1o_100sh.jpg,蒙牛羊毛毡动画《活在饿次元》：奶凶小鳄鱼带你抗饿！,影视-短片,12521,9,588,蒸汽工场
https://img.zcool.cn/community/0139085e903059a801216518aea806.jpg@260w_195h_1c_1e_1o_100sh.jpg,泛神主义,摄影-人文/纪实,11363,8,147,海螺壳
https://img.zcool.cn/community/01dfe75e8fedb8a80121651833dcc5.jpg@260w_195h_1c_1e_1o_100sh.jpg,哼哼的奇幻世界,平面-吉祥物,5513,20,358,铅笔贱
https://img.zcool.cn/community/0195b15e8ffb3ba80120a895ef2a3e.jpg@260w_195h_1c_1e_1o_100sh.jpg,鸿远 | 字迹,平面-字体/字形,20580,36,516,鸿远
https://img.zcool.cn/community/0162a75e8f3ed5a80120a895dd7059.jpg@260w_195h_1c_1e_1o_100sh.jpg,Hello~We Are LAL 798,平面-吉祥物,5338,23,397,Lennon列侬
https://img.zcool.cn/community/01cd645e8fd72fa80120a895d5c5fc.jpg@260w_195h_1c_1e_1o_100sh.jpg,交互问答 | 产品设计的稀缺性 & 截图功能 & 分页与无限滚动加载差异,文章-观点-UI,8039,13,228,呆总丶
https://img.zcool.cn/community/01620e5e8fe0aca80120a895f81c00.jpg@260w_195h_1c_1e_1o_100sh.jpg,壁纸放送 | 与CF企鹅勇往直前,三维-其他三维,10468,17,207,腾讯ISUX
https://img.zcool.cn/community/0140b15e8f3b6aa80120a89585d627.jpg@260w_195h_1c_1e_1o_100sh.jpg,那年夏天，历历在目。,动漫-中/长篇漫画,25050,162,1922,郭九二
https://img.zcool.cn/community/01bbc35e8f60afa80120a895bb2d87.jpg@260w_195h_1c_1e_1o_100sh.jpg,【三只松鼠】年货节活动策划分享,网页-电商,17149,54,1164,杰克sean
https://img.zcool.cn/community/0129415e8f1501a8012165187ffc54.jpg@260w_195h_1c_1e_1o_100sh.jpg,ksher跨境支付,网页-企业官网,11340,33,457,韩雪冬_kaven
https://img.zcool.cn/community/01b68f5e8ef578a8012165185367e7.jpg@260w_195h_1c_1e_1o_100sh.jpg,【萌芽熊】傻乎乎的我，可以和你做朋友吗？,动漫-三维动画,6123,29,312,萌芽熊DooroBear
https://img.zcool.cn/community/010df45e8eaba7a8012165186f52fb.jpg@260w_195h_1c_1e_1o_100sh.jpg,黄遵宪故居纪念馆、西湖龙井正浩茶业,插画-商业插画,18978,18,312,阳月
https://img.zcool.cn/community/0179235e8edb8aa80120a8959572af.jpg@260w_195h_1c_1e_1o_100sh.jpg,腾讯跨界联名公仔 QQ×雷霆沙赞,工业/产品-玩具,7320,16,308,TINYBRAND
https://img.zcool.cn/community/016dba5e8ec8d6a801216518185236.jpg@260w_195h_1c_1e_1o_100sh.jpg,四月手写书法字体,平面-字体/字形,13582,33,239,妙典
https://img.zcool.cn/community/01c28e5e8ed619a801216518350cb2.jpg@260w_195h_1c_1e_1o_100sh.jpg,非人哉551-552,动漫-短篇/四格漫画,14206,48,676,非人哉漫画
https://img.zcool.cn/community/015d985e8e890da8012165182842d7.jpg@260w_195h_1c_1e_1o_100sh.jpg,文玩整体面设计,网页-电商,11666,122,720,任星星梦兮
https://img.zcool.cn/community/01203c5e8ebf76a8012165180b7b28.jpg@260w_195h_1c_1e_1o_100sh.jpg,凌魂少女助力华凌语音空调,三维-动画/影视,7352,21,253,POPIC动画
https://img.zcool.cn/community/01fd105e8ea13ca801216518019745.jpg@260w_195h_1c_1e_1o_100sh.jpg,你好大海 & 全球ip设计实验室/作品《MATT》IP形象设计,平面-品牌,54730,25,791,你好大海品牌设计
https://img.zcool.cn/community/01ff4c5e8ebd9ba80120a8951c743a.jpg@260w_195h_1c_1e_1o_100sh.jpg,胡安·希门尼斯：大师已逝，男爵永存,文章-书籍-多领域,6594,16,257,后浪漫Comic
https://img.zcool.cn/community/016f135e8ea71ea801216518544f06.jpg@260w_195h_1c_1e_1o_100sh.jpg,设计师要懂的“产品导流”背后知识点。,文章-观点-UI,11652,29,511,苏大牙
https://img.zcool.cn/community/017cfb5e8d89eea80120a895901b07.jpg@260w_195h_1c_1e_1o_100sh.jpg,《中华民族神话与传说》插图合集二,插画-商业插画,31220,77,1844,雪鱼
https://img.zcool.cn/community/018a345e8d96d2a801216518d29de3.jpg@260w_195h_1c_1e_1o_100sh.jpg,3月插画,插画-商业插画,14553,36,601,吴和平Luo
https://img.zcool.cn/community/01ded45e8d7acca80120a8951a6512.jpg@260w_195h_1c_1e_1o_100sh.jpg,已经出版的几张教材类的图,插画-商业插画,58381,143,1223,孙强Suen
https://img.zcool.cn/community/01f1cc5e8d67f8a80120a8955d77f6.jpg@260w_195h_1c_1e_1o_100sh.jpg,【西湖爱情传奇】勇斗甲方寺,插画-涂鸦/潮流,8461,78,428,FD粪豆
https://img.zcool.cn/community/013fbf5e8db3aaa80120a895d56989.jpg@260w_195h_1c_1e_1o_100sh.jpg,珠宝官网丨Jewelry web,网页-企业官网,9051,65,413,你好啊_我是一然
https://img.zcool.cn/community/01144a5e8dc746a80120a89548b9e8.jpg@260w_195h_1c_1e_1o_100sh.jpg,慕宋槪觀,平面-字体/字形,2972,26,165,天邊一飛雁
https://img.zcool.cn/community/01a5245e8db72aa801216518d746df.jpg@260w_195h_1c_1e_1o_100sh.jpg,Travel转换插座—所有的伟大源于一个勇敢的开始！,工业/产品-生活用品,11872,58,722,方格之间
https://img.zcool.cn/community/0165915e909ef1a80121651863a903.jpg,快速上手CG绘画,学习视频,无,无,无,站酷高高手
