﻿图片地址,作品名称,作品类型,人气,评论数,点赞数,作者
https://img.zcool.cn/community/010ef55e6edb1aa801216518d016d3.jpg@260w_195h_1c_1e_1o_100sh.jpg,字体设计－书法呈现,平面-字体/字形,42273,64,1167,是無山居人
https://img.zcool.cn/community/01f2915e5a70ffa801216518fbf212.jpg@260w_195h_1c_1e_1o_100sh.jpg,秋刀鱼之味,摄影-人像,14312,43,372,腰果虾仁
https://img.zcool.cn/community/031f45a5e6ed626a80120a89541d6ba.jpg@260w_195h_1c_1e_1o_100sh.jpg,桌角刀马记,纯艺术-油画,13498,41,429,杜溪
https://img.zcool.cn/community/011a6a5e6edf8aa80120a89551d691.jpg@260w_195h_1c_1e_1o_100sh.jpg,品物意匠LOGO设计,平面-标志,16256,48,431,大侄子_梁标
https://img.zcool.cn/community/0197675e6e47a1a80120a89552ac81.jpg@260w_195h_1c_1e_1o_100sh.jpg, Font design-字体集,平面-字体/字形,34473,81,572,凶猛的大老虎
https://img.zcool.cn/community/01b4e85e6e427ea80120a895b41e6e.jpg@260w_195h_1c_1e_1o_100sh.jpg,Chunfeng春风 PROJECT COLLECTION Vol.B 2019 inZCOOL,平面-宣传品,39175,44,994,Chunfeng春风
https://img.zcool.cn/community/0172e25e6ef44ea8012165189a610d.jpg@260w_195h_1c_1e_1o_100sh.jpg,2020阴霾密布，让科幻带给你一丝希望,三维-动画/影视,20397,42,637,SEENVISION
https://img.zcool.cn/community/0143ad5e6b028ca80121651854f208.jpg@260w_195h_1c_1e_1o_100sh.jpg,爱奇艺VR的UI是如何摆放的？——谈VR界面的空间布局,文章-观点-多领域,10589,32,207,淮___
https://img.zcool.cn/community/018dc25e6edffba801216518d11bb1.jpg@260w_195h_1c_1e_1o_100sh.jpg,真经阁｜《王者荣耀》美宣设计案例解读-提案和总结的万能方法论,文章-教程-多领域,15387,37,540,腾讯游戏学院
https://img.zcool.cn/community/01d86a5e6ed314a80120a895ef0d8b.jpg@260w_195h_1c_1e_1o_100sh.jpg,三组页面,网页-企业官网,17041,36,446,梁定然_霍普斯汀
https://img.zcool.cn/community/0146b45e6e59e7a80120a89552386f.jpg@260w_195h_1c_1e_1o_100sh.jpg,HOME&lt;NO.63复工四啥&gt;,动漫-短篇/四格漫画,18727,37,671,兔天乐
https://img.zcool.cn/community/01fc8c5e6ecc67a8012165188d75f3.jpg@260w_195h_1c_1e_1o_100sh.jpg,我的酒吧拼图,插画-商业插画,16951,16,379,FCCK
https://img.zcool.cn/community/0188205e6e488da80120a895a59a8a.jpg@260w_195h_1c_1e_1o_100sh.jpg,【24节气.春】立春 雨水.惊蛰.春分.清明.谷雨.熊猫,插画-商业插画,22831,36,1352,雪娃娃童画
https://img.zcool.cn/community/00b6ad5e6dc583a80120a8955671bb.png@260w_195h_1c_1e_1o_100sh.jpg,万圣节御猫之术！,平面-吉祥物,4123,9,98,爱吃鱼丸的喵星人
https://img.zcool.cn/community/0314c155e6e4be6a801216518775fb1.jpg@260w_195h_1c_1e_1o_100sh.jpg,《Sentient beings》,插画-商业插画,8437,25,261,肖壮悦X.tiger
https://img.zcool.cn/community/015fce5e6ee51ca8012165185cb15b.jpg@260w_195h_1c_1e_1o_100sh.jpg,B类动态营销字体诞生记-1688知行体,文章-教程-多领域,19412,79,946,阿里巴巴CBU设计
https://img.zcool.cn/community/018f1e5e6e53f3a80120a8951d9814.jpg@260w_195h_1c_1e_1o_100sh.jpg,改造也没这么难嘛.上 --制作篇,文章-教程-手工艺,10172,65,365,白用感叹号
https://img.zcool.cn/community/017eca5e6e1486a80121651825cac8.jpg@260w_195h_1c_1e_1o_100sh.jpg,【 萬 · 九蓮寶燈 】,插画-插画习作,36508,169,1296,YOUNGIKE
https://img.zcool.cn/community/01785c5e6da5a0a8012165185830be.jpg@260w_195h_1c_1e_1o_100sh.jpg,时装周：台前幕后,插画-商业插画,13581,24,615,lolosan
https://img.zcool.cn/community/004a755e6dff63a80120a895082358.png@260w_195h_1c_1e_1o_100sh.jpg,花嫁,平面-吉祥物,8518,16,343,dinglingling叮
https://img.zcool.cn/community/0121325e6cdff9a801216518c55e35.jpg@260w_195h_1c_1e_1o_100sh.jpg,分形(Fractal)第五十六辑,纯艺术-其他艺创,5658,16,106,阳光与青稞
https://img.zcool.cn/community/03125845e6cc4baa801216518bb9c37.jpg@260w_195h_1c_1e_1o_100sh.jpg,油画作品《火牛陷阵》,纯艺术-油画,15395,28,505,王可伟
https://img.zcool.cn/community/01cb505e6bd564a80120a8959db03e.jpg@260w_195h_1c_1e_1o_100sh.jpg,记忆中的王者 第五弹,插画-游戏原画,23784,114,956,齐天大宋
https://img.zcool.cn/community/01be245e6b4bb9a801216518c3a8e0.jpg@260w_195h_1c_1e_1o_100sh.jpg,兰奕屋语，春季裙装,服装-休闲/流行服饰,11910,17,340,婚纱设计师兰奕
https://img.zcool.cn/community/031b71e5e6cb269a801216518c4f7d9.jpg@260w_195h_1c_1e_1o_100sh.jpg,FStormRender室内效果图,空间-室内设计,40264,12,259,大师一号壹哥
https://img.zcool.cn/community/0079385e6b0bc3a801216518fec0de.png@260w_195h_1c_1e_1o_100sh.jpg,凌魂少女汉服立绘,平面-吉祥物,7675,22,185,应一烁
https://img.zcool.cn/community/01ef025e6c82dda80120a8951f41f1.jpg@260w_195h_1c_1e_1o_100sh.jpg,你那边的理发店开门了么？,动漫-中/长篇漫画,58213,674,3564,郭九二
https://img.zcool.cn/community/01f4c65e6bf564a80120a8951d0f74.jpg@260w_195h_1c_1e_1o_100sh.jpg,ZEEHO,网页-企业官网,14849,48,238,Mr___J
https://img.zcool.cn/community/016cea5e6b7f60a80120a89545f9c7.jpg@260w_195h_1c_1e_1o_100sh.jpg,年前年后-小米路由器Ax3600-WiFi6和一些C4D渲染,网页-电商,46609,73,697,212设计
https://img.zcool.cn/community/016fc45e6c5fa5a80120a895f91eac.jpg@260w_195h_1c_1e_1o_100sh.jpg, 亲子局|就不会有没话题的时候 ,动漫-中/长篇漫画,11305,35,317,伊月eyue
https://img.zcool.cn/community/010e4d5e6b7d02a80120a8951cc936.jpg@260w_195h_1c_1e_1o_100sh.jpg,《决战中途岛》视效解析,影视-后期/剪辑,34775,63,439,PIXOMONDO
https://img.zcool.cn/community/015d1b5e6b6304a80120a895c1541c.jpg@260w_195h_1c_1e_1o_100sh.jpg,《大理寺日志》同名推广曲,动漫-动画片,5269,16,110,好传动画
https://img.zcool.cn/community/0120975e6a1624a80120a89581e4f2.jpg@260w_195h_1c_1e_1o_100sh.jpg,挑战与机遇并存，如何布局你的数字营销战略,文章-观点-其他,6964,3,129,jane220
https://img.zcool.cn/community/016dab5e6a5b5aa801216518ed8c87.jpg@260w_195h_1c_1e_1o_100sh.jpg,动态设计的转场心法,文章-教程-影视,16282,33,1088,崔小骏
https://img.zcool.cn/community/0131ff5e6b4b6fa8012165186d93fb.jpg@260w_195h_1c_1e_1o_100sh.jpg,如何建立新零售行业有效的体验组件库,文章-观点-UI,8024,10,186,烨辰_Designer
https://img.zcool.cn/community/01b9075e6b3051a80120a89565be88.jpg@260w_195h_1c_1e_1o_100sh.jpg,三月手写书法字体,平面-字体/字形,18103,74,450,妙典
https://img.zcool.cn/community/019c425e660821a80120a895a67e69.jpg@260w_195h_1c_1e_1o_100sh.jpg,小米10“VR云开箱”，线上体验的创新策略,三维-产品,12228,23,266,BITONE叶青司机
https://img.zcool.cn/community/0117e85e6b2524a80120a8956ad136.jpg@260w_195h_1c_1e_1o_100sh.jpg,电影案例：风语咒片头动画,动漫-动画片,27247,129,657,DeathCoil
https://img.zcool.cn/community/01b0615e6adcb2a801216518e1f1f8.jpg@260w_195h_1c_1e_1o_100sh.jpg,梦工场大冒险,插画-游戏原画,17292,52,1134,疯景
https://img.zcool.cn/community/012f285e6a6156a80120a895113e9a.jpg@260w_195h_1c_1e_1o_100sh.jpg,电影《如来神掌》概念海报,插画-商业插画,27408,123,1364,DANKY
