﻿图片地址,作品名字,作品类型,人气数,点赞数,评论数,作者图片,作者
https://img.zcool.cn/community/0164de5e90693aa80120a89587ba38.jpg@260w_195h_1c_1e_1o_100sh.jpg,Satyr Rory潘神爱丽丝系列,摄影-产品,33763,772,11,,再不饭
https://img.zcool.cn/community/0156975e8edc81a80120a895d8c3ba.jpg@260w_195h_1c_1e_1o_100sh.jpg,Chiii Design × Tom Dixon | 英国著名的家具品牌,平面-品牌,17163,369,5,,Chiiidesign
https://img.zcool.cn/community/0119305e8d40eba801216518325b46.jpg@260w_195h_1c_1e_1o_100sh.jpg,#2019淘宝造物节# - 品牌设计全案,平面-品牌,21411,1103,15,,淘宝创意部
https://img.zcool.cn/community/015a755e906d43a80120a89579bbbf.jpg@260w_195h_1c_1e_1o_100sh.jpg,Sisyphus Happy,插画-其他插画,31753,1869,6,,Tong_W
https://img.zcool.cn/community/01187a5e8eb4e5a80120a895b5f825.jpg,武汉城市风光,特别企划,无,无,无,,站酷海洛
https://img.zcool.cn/community/00246f5e8fceada80121651824f3fb.png@260w_195h_1c_1e_1o_100sh.jpg,OPPO Watch 表盘设计,UI-主题/皮肤,22639,1076,16,,梦灵君
https://img.zcool.cn/community/013e685e9086e5a801216518d8c03a.jpg@260w_195h_1c_1e_1o_100sh.jpg,压力成就不凡/华帝X吴亦凡,影视-短片,10959,180,6,,The_Nine
https://img.zcool.cn/community/01a9195e906cc2a801216518576aea.jpg@260w_195h_1c_1e_1o_100sh.jpg,FStormRender家具展厅表现,空间-室内设计,18789,340,6,,大师一号壹哥
https://img.zcool.cn/community/00c66e5e902b38a8012165183fcd1f.png@260w_195h_1c_1e_1o_100sh.jpg,IQOO-[创戒] 丨指向未来,平面-其他平面,13368,904,22,,JIMFOUR林
https://img.zcool.cn/community/0140b35e9033aaa80120a895125112.jpg@260w_195h_1c_1e_1o_100sh.jpg,SketchBook.Mar.,插画-插画习作,14804,972,19,,Czech
https://img.zcool.cn/community/011d405e900e5fa80120a895a8ba74.jpg@260w_195h_1c_1e_1o_100sh.jpg,Casarte&Joyoung破壁机详情页,网页-电商,15708,738,35,,火之鸟SUNBIRD
https://img.zcool.cn/community/015dc55e7d6915a8012165181cfcc4.jpg@260w_195h_1c_1e_1o_100sh.jpg,《沉睡与凋零》,插画-游戏原画,10073,519,4,,艺数绘CG
https://img.zcool.cn/community/0139b15e903e35a801216518a8fa31.jpg@260w_195h_1c_1e_1o_100sh.jpg,蒙牛羊毛毡动画《活在饿次元》：奶凶小鳄鱼带你抗饿！,影视-短片,14196,672,9,,蒸汽工场
https://img.zcool.cn/community/0139085e903059a801216518aea806.jpg@260w_195h_1c_1e_1o_100sh.jpg,泛神主义,摄影-人文/纪实,12772,170,8,,海螺壳
https://img.zcool.cn/community/01dfe75e8fedb8a80121651833dcc5.jpg@260w_195h_1c_1e_1o_100sh.jpg,哼哼的奇幻世界,平面-吉祥物,6077,403,20,,铅笔贱
https://img.zcool.cn/community/0195b15e8ffb3ba80120a895ef2a3e.jpg@260w_195h_1c_1e_1o_100sh.jpg,鸿远 | 字迹,平面-字体/字形,23124,569,36,,鸿远
https://img.zcool.cn/community/0162a75e8f3ed5a80120a895dd7059.jpg@260w_195h_1c_1e_1o_100sh.jpg,Hello~We Are LAL 798,平面-吉祥物,5855,430,23,,Lennon列侬
https://img.zcool.cn/community/01cd645e8fd72fa80120a895d5c5fc.jpg@260w_195h_1c_1e_1o_100sh.jpg,交互问答 | 产品设计的稀缺性 & 截图功能 & 分页与无限滚动加载差异,文章-观点-UI,8943,255,13,,呆总丶
https://img.zcool.cn/community/01620e5e8fe0aca80120a895f81c00.jpg@260w_195h_1c_1e_1o_100sh.jpg,壁纸放送 | 与CF企鹅勇往直前,三维-其他三维,11332,218,17,,腾讯ISUX
https://img.zcool.cn/community/0140b15e8f3b6aa80120a89585d627.jpg@260w_195h_1c_1e_1o_100sh.jpg,那年夏天，历历在目。,动漫-中/长篇漫画,26821,2029,162,,郭九二
https://img.zcool.cn/community/01bbc35e8f60afa80120a895bb2d87.jpg@260w_195h_1c_1e_1o_100sh.jpg,【三只松鼠】年货节活动策划分享,网页-电商,18352,1234,54,,杰克sean
https://img.zcool.cn/community/0129415e8f1501a8012165187ffc54.jpg@260w_195h_1c_1e_1o_100sh.jpg,ksher跨境支付,网页-企业官网,12208,488,33,,韩雪冬_kaven
https://img.zcool.cn/community/01b68f5e8ef578a8012165185367e7.jpg@260w_195h_1c_1e_1o_100sh.jpg,【萌芽熊】傻乎乎的我，可以和你做朋友吗？,动漫-三维动画,6444,330,29,,萌芽熊DooroBear
https://img.zcool.cn/community/010df45e8eaba7a8012165186f52fb.jpg@260w_195h_1c_1e_1o_100sh.jpg,黄遵宪故居纪念馆、西湖龙井正浩茶业,插画-商业插画,19983,325,18,,阳月
https://img.zcool.cn/community/0179235e8edb8aa80120a8959572af.jpg@260w_195h_1c_1e_1o_100sh.jpg,腾讯跨界联名公仔 QQ×雷霆沙赞,工业/产品-玩具,7595,319,16,,TINYBRAND
https://img.zcool.cn/community/016dba5e8ec8d6a801216518185236.jpg@260w_195h_1c_1e_1o_100sh.jpg,四月手写书法字体,平面-字体/字形,14243,247,33,,妙典
https://img.zcool.cn/community/01c28e5e8ed619a801216518350cb2.jpg@260w_195h_1c_1e_1o_100sh.jpg,非人哉551-552,动漫-短篇/四格漫画,14875,691,48,,非人哉漫画
https://img.zcool.cn/community/015d985e8e890da8012165182842d7.jpg@260w_195h_1c_1e_1o_100sh.jpg,文玩整体面设计,网页-电商,12156,739,122,,任星星梦兮
https://img.zcool.cn/community/01203c5e8ebf76a8012165180b7b28.jpg@260w_195h_1c_1e_1o_100sh.jpg,凌魂少女助力华凌语音空调,三维-动画/影视,7680,261,21,,POPIC动画
https://img.zcool.cn/community/01fd105e8ea13ca801216518019745.jpg@260w_195h_1c_1e_1o_100sh.jpg,你好大海 & 全球ip设计实验室/作品《MATT》IP形象设计,平面-品牌,56969,831,25,,你好大海品牌设计
https://img.zcool.cn/community/01ff4c5e8ebd9ba80120a8951c743a.jpg@260w_195h_1c_1e_1o_100sh.jpg,胡安·希门尼斯：大师已逝，男爵永存,文章-书籍-多领域,6887,269,16,,后浪漫Comic
https://img.zcool.cn/community/016f135e8ea71ea801216518544f06.jpg@260w_195h_1c_1e_1o_100sh.jpg,设计师要懂的“产品导流”背后知识点。,文章-观点-UI,12360,541,29,,苏大牙
https://img.zcool.cn/community/017cfb5e8d89eea80120a895901b07.jpg@260w_195h_1c_1e_1o_100sh.jpg,《中华民族神话与传说》插图合集二,插画-商业插画,32847,1936,77,,雪鱼
https://img.zcool.cn/community/018a345e8d96d2a801216518d29de3.jpg@260w_195h_1c_1e_1o_100sh.jpg,3月插画,插画-商业插画,15362,643,36,,吴和平Luo
https://img.zcool.cn/community/01ded45e8d7acca80120a8951a6512.jpg@260w_195h_1c_1e_1o_100sh.jpg,已经出版的几张教材类的图,插画-商业插画,60810,1273,143,,孙强Suen
https://img.zcool.cn/community/01f1cc5e8d67f8a80120a8955d77f6.jpg@260w_195h_1c_1e_1o_100sh.jpg,【西湖爱情传奇】勇斗甲方寺,插画-涂鸦/潮流,8870,451,78,,FD粪豆
https://img.zcool.cn/community/013fbf5e8db3aaa80120a895d56989.jpg@260w_195h_1c_1e_1o_100sh.jpg,珠宝官网丨Jewelry web,网页-企业官网,9616,432,65,,你好啊_我是一然
https://img.zcool.cn/community/01144a5e8dc746a80120a89548b9e8.jpg@260w_195h_1c_1e_1o_100sh.jpg,慕宋槪觀,平面-字体/字形,3132,174,26,,天邊一飛雁
https://img.zcool.cn/community/01a5245e8db72aa801216518d746df.jpg@260w_195h_1c_1e_1o_100sh.jpg,Travel转换插座—所有的伟大源于一个勇敢的开始！,工业/产品-生活用品,12303,751,58,,方格之间
https://img.zcool.cn/community/0165915e909ef1a80121651863a903.jpg,快速上手CG绘画,学习视频,无,无,无,,站酷高高手
https://img.zcool.cn/community/01d76a5e8d51dea80120a895d1ddcd.jpg@260w_195h_1c_1e_1o_100sh.jpg,尚巍手书,平面-字体/字形,16631,364,26,,尚巍
https://img.zcool.cn/community/01a5e95e8d8c6da80120a89521abf6.jpg@260w_195h_1c_1e_1o_100sh.jpg,智能创造价值 OKKI品牌形象动画,影视-Motion Graphic,10951,719,36,,魔格工作室
https://img.zcool.cn/community/031c5365e908072a80120a8958c2c5f.jpg@260w_195h_1c_1e_1o_100sh.jpg,集萌1.0,UI-其他UI  ,10225,355,59,,卡路李
https://img.zcool.cn/community/012f235e8d5861a801216518e0196f.jpg@260w_195h_1c_1e_1o_100sh.jpg,【几拾】半天壶——荣获CGD当代好设计奖,工业/产品-生活用品,20711,358,78,,几拾设计
https://img.zcool.cn/community/01b6a25e909f93a80120a895ee2746.jpg,品牌设计实战全能班,学习视频,无,无,无,,站酷高高手
https://img.zcool.cn/community/01478d5e8c4f42a80120a89522b597.jpg@260w_195h_1c_1e_1o_100sh.jpg,春日樱,摄影-人像,21157,953,122,,腰果虾仁
https://img.zcool.cn/community/011e995e8d4557a80121651836265c.jpg@260w_195h_1c_1e_1o_100sh.jpg,用设计记录生活,平面-字体/字形,27481,1232,67,,麦点盛世
https://img.zcool.cn/community/019d925e8d2ce6a80120a8952ed187.jpg@260w_195h_1c_1e_1o_100sh.jpg,没有人是一座孤岛：）,插画-其他插画,15439,1299,69,,littlehmxx
https://img.zcool.cn/community/031d04c5e8cb8f2a80120a895467965.jpg@260w_195h_1c_1e_1o_100sh.jpg,Airbnb May Day Campaign Visual Design,网页-专题/活动,33664,1321,46,,倩JadeZhang
https://img.zcool.cn/community/0175e95e8d43fea80120a895b6da9c.jpg@260w_195h_1c_1e_1o_100sh.jpg,丁一：无偿借阅  就不玩虚的,文章-专访-多领域,8309,280,18,,设计师专访
https://img.zcool.cn/community/0147b25e8c1f19a801216518b743e4.jpg@260w_195h_1c_1e_1o_100sh.jpg,戏如人生,纯艺术-油画,10214,170,22,,杜溪
https://img.zcool.cn/community/01f9295e8c737aa80120a8953a1ece.jpg@260w_195h_1c_1e_1o_100sh.jpg,《清平乐》插图,插画-商业插画,43174,2475,252,,才仙插画
https://img.zcool.cn/community/01b4445e8c714fa801216518a18ca8.jpg@260w_195h_1c_1e_1o_100sh.jpg,某个春天,插画-插画习作,12323,672,23,,离城城城
https://img.zcool.cn/community/0171565e8c4851a8012165180640e4.jpg@260w_195h_1c_1e_1o_100sh.jpg,美的家电详情视觉分享,网页-电商,18136,703,81,,松鼠视觉传媒
https://img.zcool.cn/community/0196da5e8c98afa80120a895a2b3de.jpg@260w_195h_1c_1e_1o_100sh.jpg,时代中国—万物所向MV,影视-MV,21318,379,28,,The_Nine
https://img.zcool.cn/community/011e885e8c7d99a80120a89564a5b3.jpg@260w_195h_1c_1e_1o_100sh.jpg,PETSHY Visual Identity & Packaging Design,平面-品牌,24249,896,79,,瓦社
https://img.zcool.cn/community/011b515e8c885ba80120a895800bb5.jpg@260w_195h_1c_1e_1o_100sh.jpg,时间的褶皱,摄影-人文/纪实,17744,335,35,,和威HW
https://img.zcool.cn/community/0178225e8c714ea8012165182f500e.jpg@260w_195h_1c_1e_1o_100sh.jpg,Xenobiology-异源生物系列,三维-人物/生物,7332,163,19,,大悲宇宙
https://img.zcool.cn/community/01fee15e8c1687a80120a895537e5a.jpg@260w_195h_1c_1e_1o_100sh.jpg,决战平安京-近期的KV、主视觉海报。,插画-游戏原画,20013,655,40,,夕一凹xiao
https://img.zcool.cn/community/0143675e8c3fbca80120a895486b8a.jpg@260w_195h_1c_1e_1o_100sh.jpg,武汉重启【百度 Doodle 设计】2020 ,网页-Banner/广告图,14378,618,54,,百度BMD
https://img.zcool.cn/community/0135df5e8b5906a80120a895810aec.jpg@260w_195h_1c_1e_1o_100sh.jpg,「JINTONG」2019-2020年度部分作品精选,平面-海报,21167,719,94,,Pyrrha金童
https://img.zcool.cn/community/0161be5e8bef5ca80120a8958827ef.jpg@260w_195h_1c_1e_1o_100sh.jpg,你好小德——高德地图品牌IP设计,平面-吉祥物,17742,2368,130,,xiaoxian
https://img.zcool.cn/community/01280f5e8bfd2ca801216518e5e72b.jpg@260w_195h_1c_1e_1o_100sh.jpg,四季的色彩,插画-商业插画,46555,2360,112,,李那那
https://img.zcool.cn/community/01ebbb5e8bf76ca80120a895317c9a.jpg@260w_195h_1c_1e_1o_100sh.jpg,上元灯彩图,插画-插画习作,10432,607,44,,王小玩
https://img.zcool.cn/community/0101225e8c0bb3a80120a8950119d5.jpg@260w_195h_1c_1e_1o_100sh.jpg,Singer 911 UE4 CG汽车摄影,三维-机械/交通,16728,226,34,,mclovin
https://img.zcool.cn/community/01c7ad5e8b3de4a801216518425e55.jpg@260w_195h_1c_1e_1o_100sh.jpg,WeDeFi 数字金融区块链PPT,UI-其他UI  ,11693,374,103,,梁宇龙
https://img.zcool.cn/community/0128d15e8ae553a8012165183a2eb7.jpg@260w_195h_1c_1e_1o_100sh.jpg,零散商业案图整理合集,插画-商业插画,21725,732,23,,Dola_Sun
https://img.zcool.cn/community/0167cf5e8be005a801216518c98e24.jpg@260w_195h_1c_1e_1o_100sh.jpg,我常用的创意方法,文章-教程-多领域,22582,1485,57,,菜心轻量文
https://img.zcool.cn/community/0150175e8ae9c2a80120a8953227d5.jpg@260w_195h_1c_1e_1o_100sh.jpg,SK糖王 | 翻糖人偶作品 &lt;狐仙 &gt;,手工艺-手办/原型,11429,363,55,,糖王周毅团队
https://img.zcool.cn/community/0154995e8ae889a801216518c72d7a.jpg@260w_195h_1c_1e_1o_100sh.jpg,巴颜简笔插画  整理19年-20年头像系列,插画-儿童插画,33979,1023,68,,巴颜简笔插画
https://img.zcool.cn/community/01d8ab5e8b3538a80120a895860fad.jpg@260w_195h_1c_1e_1o_100sh.jpg,迪升涂字-手写字体设计,平面-字体/字形,16431,367,28,,迪升
https://img.zcool.cn/community/017ca95e8a1817a80120a895b4484b.jpg@260w_195h_1c_1e_1o_100sh.jpg,China city taste bud map,摄影-其他摄影,37273,1568,167,,YUM汤汤
https://img.zcool.cn/community/0130a25e8ad3d2a8012165184a136e.jpg@260w_195h_1c_1e_1o_100sh.jpg,动效设计作品集 ShowReel 2020,UI-动效设计,24737,763,57,,TCWison
https://img.zcool.cn/community/01a9d15e89d873a80121651878b5a6.jpg@260w_195h_1c_1e_1o_100sh.jpg,这些风景也太美了吧，风光摄影师Thomas的作品精选,摄影-风光,56240,838,46,,thomas看看世界
https://img.zcool.cn/community/01f9485e8af38da801216518361916.jpg@260w_195h_1c_1e_1o_100sh.jpg,【产品渲染--深色】,三维-产品,36789,795,106,,陈呵呵诶
https://img.zcool.cn/community/01d9dc5e8b051ca80120a895bc94f7.jpg@260w_195h_1c_1e_1o_100sh.jpg,【 中国白·哲选 】一鹿有你 陶瓷摆件 礼品 纪念品,工业/产品-礼品/纪念品,7358,90,16,,中国白哲选
https://img.zcool.cn/community/0148ba5e8a4dada801216518166199.jpg@260w_195h_1c_1e_1o_100sh.jpg,设计师【赛博朋克通识】,文章-观点-多领域,16834,1344,133,,小田仙人
https://img.zcool.cn/community/01e86f5e899e82a80120a895339c76.jpg@260w_195h_1c_1e_1o_100sh.jpg,吻,摄影-人像,147440,1577,319,,蔡九记
https://img.zcool.cn/community/01f9c35e88b46ea801216518a6c93f.jpg@260w_195h_1c_1e_1o_100sh.jpg,来自1912甲板之上,摄影-人像,22315,468,48,,ARTLee小杰
https://img.zcool.cn/community/015c3e5e8d9e2fa801216518812920.jpg,露珠  - 创意视频,正版视频,无,无,无,,站酷海洛
https://img.zcool.cn/community/0124505e899958a801216518b4dcc1.jpg@260w_195h_1c_1e_1o_100sh.jpg,七贤,插画-其他插画,12964,742,23,,wmm14893986
https://img.zcool.cn/community/03109335e8893cba80120a895784b1e.jpg@260w_195h_1c_1e_1o_100sh.jpg,绘本 | 了不起的中国体育,插画-商业插画,12174,438,23,,朝朝兰
https://img.zcool.cn/community/03186ce5e883dd3a80120a895a3baef.jpg@260w_195h_1c_1e_1o_100sh.jpg,和哀悼日相锲和的一本绘本,插画-绘本,15190,528,29,,胖蛇CHER
https://img.zcool.cn/community/031cc005e878f9ea80120a895b1b25b.jpg@260w_195h_1c_1e_1o_100sh.jpg,有死之冢/,插画-其他插画,6924,306,18,,殷正
https://img.zcool.cn/community/01b4255e879d61a80121651896cf74.jpg@260w_195h_1c_1e_1o_100sh.jpg, 無 字  ,插画-插画习作,53500,2058,166,,YOUNGIKE
https://img.zcool.cn/community/01b39c5e8734e3a801216518738b2c.jpg@260w_195h_1c_1e_1o_100sh.jpg,革也X清猫绘 萌宠系列小黑盒来袭,手工艺-皮艺,12071,173,77,,革也GeYe
https://img.zcool.cn/community/01b3775e87d9b8a80120a89582828e.jpg@260w_195h_1c_1e_1o_100sh.jpg,志哀。 万物为尘，永生不忘。,摄影-静物,9883,260,26,,山林食纪
https://img.zcool.cn/community/01c1aa5e86f7aba80120a8957b055f.jpg@260w_195h_1c_1e_1o_100sh.jpg,经典回归，DNF手游公测官宣KV项目回顾,插画-游戏原画,28525,951,149,,畅想东方
https://img.zcool.cn/community/01d0505e86c4eda8012165180e612a.jpg@260w_195h_1c_1e_1o_100sh.jpg,32幅时尚插画中的男神/你爱哪一位他？,插画-商业插画,33296,2176,333,,Marina任桃桃
https://img.zcool.cn/community/014b915e86e81aa80120a895f5b599.jpg@260w_195h_1c_1e_1o_100sh.jpg,TBclub商业网页集-2020,网页-企业官网,22635,353,72,,王涛wangtao
https://img.zcool.cn/community/01b43c5e86d293a80120a895762be1.jpg@260w_195h_1c_1e_1o_100sh.jpg,囡囡，复古蕾丝娃娃裙,服装-休闲/流行服饰,14967,276,32,,婚纱设计师兰奕
https://img.zcool.cn/community/01040a5e71bd0da8012165189bb077.jpg@260w_195h_1c_1e_1o_100sh.jpg,LOL黎明与黑夜皮肤宣传视频H5,三维-动画/影视,19982,694,61,,一只YIZ
https://img.zcool.cn/community/018c265e86ca1ca80121651891a0fd.jpg@260w_195h_1c_1e_1o_100sh.jpg,babycare店铺视觉全新升级,网页-电商,22577,718,54,,SHEMO张帅
https://img.zcool.cn/community/01c5e25e86ae3ca80120a89501d564.jpg@260w_195h_1c_1e_1o_100sh.jpg,字体设计－书法呈现,平面-字体/字形,41424,1546,69,,是無山居人
https://img.zcool.cn/community/0129955e86e1a4a801216518b5e959.jpg@260w_195h_1c_1e_1o_100sh.jpg,黑暗之魂 亚尔特留斯,三维-人物/生物,8784,312,19,,ziodai
https://img.zcool.cn/community/01b1265e86d7b3a801216518e5dfac.jpg@260w_195h_1c_1e_1o_100sh.jpg,完美世界 CG高清版,三维-动画/影视,12782,284,29,,POPIC动画
https://img.zcool.cn/community/0196215e869e54a80120a89569ccbc.jpg@260w_195h_1c_1e_1o_100sh.jpg,VCD | 2019 SHOWREEL NO.2,网页-专题/活动,26984,715,52,,VCDlab
https://img.zcool.cn/community/01576b5e86b599a801216518465906.jpg@260w_195h_1c_1e_1o_100sh.jpg,建立-空间的层次思维,文章-教程-平面,21622,1168,71,,设猎派
https://img.zcool.cn/community/0131fc5e86b3b2a80120a89517ec50.jpg@260w_195h_1c_1e_1o_100sh.jpg,网易严选×上海美术电影制片厂【葫芦兄弟】联名系列,工业/产品-生活用品,28426,790,85,,网易严选IDC
https://img.zcool.cn/community/activity_cover/97535e8401e700000158f856bd8e.jpg@260w_195h_1c_1e_1o_100sh.jpg,小Z的旅城，14载，有你才酷—站酷14周年贺图征集,活动-线上活动,17414,626,无,,站酷小Z
https://img.zcool.cn/community/01cd7b5e86024ba8012165189916e4.jpg@260w_195h_1c_1e_1o_100sh.jpg,蛋黄猫18,动漫-网络表情,11432,300,35,,李纬一
https://img.zcool.cn/community/01a27e5e8483f7a80120a895263674.jpg@260w_195h_1c_1e_1o_100sh.jpg,乐高版 任天堂红白机&复古彩色电视机、大哥大、太空船,手工艺-其他手工,28764,234,26,,G.S
https://img.zcool.cn/community/0177145e85a66aa8012165187a4e74.jpg@260w_195h_1c_1e_1o_100sh.jpg,【莲羊讲岩彩】花冠小仙·鹿 ,纯艺术-其他艺创,10458,571,19,,莲羊
https://img.zcool.cn/community/01e2f65e858179a80120a8957aa0c3.jpg@260w_195h_1c_1e_1o_100sh.jpg,2020年4月,插画-儿童插画,26246,478,31,,liarsliar
https://img.zcool.cn/community/0158915e85acf4a80120a89564bf55.jpg@260w_195h_1c_1e_1o_100sh.jpg,在爱消失前，你会用力记住的人是谁？,动漫-三维动画,10005,463,46,,萌芽熊DooroBear
https://img.zcool.cn/community/0117505e85891aa80120a895260790.jpg@260w_195h_1c_1e_1o_100sh.jpg,1956 Mercedes Benz 300SL Gullwing UE4 Reserach,三维-机械/交通,21831,302,44,,mclovin
https://img.zcool.cn/community/0316fee5e855c52a8012165187d1c90.jpg@260w_195h_1c_1e_1o_100sh.jpg,2020年的几张风景小画,纯艺术-油画,16032,952,82,,HUANGDI
https://img.zcool.cn/community/0196695e859a31a801216518a899c2.jpg@260w_195h_1c_1e_1o_100sh.jpg,为了设计更好的深色模式,文章-观点-UI,24134,1295,89,,残酷de乐章
https://img.zcool.cn/community/01a4295e85876da801216518d03feb.jpg@260w_195h_1c_1e_1o_100sh.jpg,MONK萌克 卡通形象,平面-吉祥物,20214,619,41,,天空之城的下水道
https://img.zcool.cn/community/0148345e859647a801216518ac89a2.jpg@260w_195h_1c_1e_1o_100sh.jpg,非人哉549-550,动漫-短篇/四格漫画,22806,936,54,,非人哉漫画
https://img.zcool.cn/community/019ca85e8481ffa80120a8956ddb20.jpg@260w_195h_1c_1e_1o_100sh.jpg,藏地行纪,摄影-人文/纪实,51540,1022,89,,叶子映像
https://img.zcool.cn/community/016e9e5e85661ca80121651880c609.jpg@260w_195h_1c_1e_1o_100sh.jpg,一束光 绘世界 Light the world up 光绘创作,摄影-其他摄影,14086,262,40,,Roywang
https://img.zcool.cn/community/01166c5e854f3ea80120a895a2712f.jpg@260w_195h_1c_1e_1o_100sh.jpg,realme 6i 清新来袭_by seenvision,三维-动画/影视,13951,583,51,,SEENVISION
https://img.zcool.cn/community/0124905e85550ca8012165182cc5dd.jpg@260w_195h_1c_1e_1o_100sh.jpg,3月详情集,网页-电商,22286,667,332,,经纬_线
https://img.zcool.cn/community/0103225e84bb26a80120a895b87bc4.jpg@260w_195h_1c_1e_1o_100sh.jpg,《小学生时代》杂志封面,插画-儿童插画,9591,424,19,,逆行阿星
https://img.zcool.cn/community/01b1325e8461bea80120a895117ed1.jpg@260w_195h_1c_1e_1o_100sh.jpg,三月份经典电影海报,插画-商业插画,12062,672,34,,矮肥才华有限
https://img.zcool.cn/community/01beee5e8458d3a8012165183743a2.jpg@260w_195h_1c_1e_1o_100sh.jpg,怎么让“神兽”活灵活现？这本西方“山海经”告诉你！,文章-教程-插画,11073,437,18,,爱读书的小Z
https://img.zcool.cn/community/0110e75e843354a801216518f11a0d.jpg@260w_195h_1c_1e_1o_100sh.jpg,《中华民族神话与传说》插图合集一,插画-商业插画,38781,3113,130,,雪鱼
https://img.zcool.cn/community/0318c845e8441a6a801216518474ec6.jpg@260w_195h_1c_1e_1o_100sh.jpg,四季的歌,插画-绘本,11711,514,12,,画画的须臾
https://img.zcool.cn/community/01a1fd5e8448caa80120a895bc052e.jpg@260w_195h_1c_1e_1o_100sh.jpg,在我的房间里,动漫-绘本,29128,2054,90,,李彬BinLee
https://img.zcool.cn/community/016f525e844293a80120a89543184a.jpg@260w_195h_1c_1e_1o_100sh.jpg,小Z的旅城 14载,插画-涂鸦/潮流,17271,849,70,,齐天大宋
https://img.zcool.cn/community/0194a65e842beba801216518c759a6.jpg@260w_195h_1c_1e_1o_100sh.jpg,雅阁10代——体验设计驾驶指导方案,UI-APP界面,21834,265,54,,卉大大
https://img.zcool.cn/community/010a155e8430dda80120a8957bd2cb.jpg@260w_195h_1c_1e_1o_100sh.jpg,设计大事件【2020年3月下】,文章-资讯-多领域,14837,235,21,,站酷网
https://img.zcool.cn/community/01ad725e842ac6a80120a895c1851d.jpg@260w_195h_1c_1e_1o_100sh.jpg,realme X2 pro手机拍摄样片,摄影-时尚,32351,404,41,,武减武文化创意
https://img.zcool.cn/community/011a655e8410f7a80120a8951e2333.jpg@260w_195h_1c_1e_1o_100sh.jpg,生命非玩物 猫狗保护公益动画,影视-Motion Graphic,11682,597,37,,魔格工作室
https://img.zcool.cn/community/0174045e83fe20a80120a895375f4c.jpg@260w_195h_1c_1e_1o_100sh.jpg,2020年初的随身本子,插画-其他插画,23465,2050,115,,丁几huangding
https://img.zcool.cn/community/013dde5e83fabda801216518605372.jpg@260w_195h_1c_1e_1o_100sh.jpg,白马秋风塞上，杏花烟雨江南。,摄影-风光,14762,675,36,,陈帆fotochen
https://img.zcool.cn/community/03154385e83e277a80120a895c7eccb.jpg@260w_195h_1c_1e_1o_100sh.jpg,三月的风,纯艺术-水彩,15559,341,21,,鍾大年儿
https://img.zcool.cn/community/0179b75e82eab5a801216518d73267.jpg@260w_195h_1c_1e_1o_100sh.jpg,网络上的另一个我 | 00后人设剖析,文章-观点-多领域,13890,271,60,,腾讯ISUX
https://img.zcool.cn/community/0176635e8305f3a801216518121b2d.jpg@260w_195h_1c_1e_1o_100sh.jpg,美康粉黛 勇气系列 雕花口红,平面-包装,35209,486,83,,念相
https://img.zcool.cn/community/01bab95e837913a80121651879813d.jpg@260w_195h_1c_1e_1o_100sh.jpg,2019插画总结,插画-其他插画,87228,2874,116,,一只大呵欠
https://img.zcool.cn/community/0109625e835a16a80120a895970111.jpg@260w_195h_1c_1e_1o_100sh.jpg,周梦怡——太阳神系列2.0女包设计,服装-其他服装,40201,402,88,,女包设计师周梦怡
https://img.zcool.cn/community/01e6e75e832302a801216518056cba.jpg@260w_195h_1c_1e_1o_100sh.jpg,梦·樱,摄影-人像,34471,1008,80,,知竹zZ
https://img.zcool.cn/community/000c115e8330b9a80120a895769733.png@260w_195h_1c_1e_1o_100sh.jpg,《虚拟社区-I Home》,插画-概念设定,13622,342,26,,林钿lintian
https://img.zcool.cn/community/01cac75e82f96da80120a89510538e.jpg@260w_195h_1c_1e_1o_100sh.jpg,Mr.Z 熊應雄,手工艺-手办/模玩,22480,582,72,,jungleBK13
https://img.zcool.cn/community/0134cb5e83035ea8012165180885e8.jpg@260w_195h_1c_1e_1o_100sh.jpg,【開天DC系列· 1/1超人半身像正式公佈】,手工艺-手办/模玩,15366,203,37,,开天工作室
https://img.zcool.cn/community/0104455da43c5ea801204cd0430e14.jpg@260w_195h_1c_1e_1o_100sh.jpg,Islandia,影视-短片,19884,872,62,,Madebyvadim
https://img.zcool.cn/community/0184a05e82f8b0a80120a8954c168c.jpg@260w_195h_1c_1e_1o_100sh.jpg,ZIROOM【防疫系列海报】,网页-专题/活动,24125,855,46,,伍陆柒_
https://img.zcool.cn/community/016a915e82afc3a80120a895fbc1a6.jpg@260w_195h_1c_1e_1o_100sh.jpg,冬言Dongyan / 2019年度总结,插画-商业插画,30383,873,137,,冬言
https://img.zcool.cn/community/0319aad5e82b53fa80120a8958affee.jpg@260w_195h_1c_1e_1o_100sh.jpg,八仙九猫-插画,插画-商业插画,36376,1068,54,,晓晓村长
https://img.zcool.cn/community/031a23f5e82e89aa801216518c6ad90.jpg@260w_195h_1c_1e_1o_100sh.jpg,「茶福」标志设计,平面-标志,20874,689,47,,青空Design
https://img.zcool.cn/community/01f5bf5e82f168a801216518b399ce.jpg@260w_195h_1c_1e_1o_100sh.jpg,孙燕姿 x 仙境传说RO：守护永恒的爱,平面-海报,11751,345,37,,LxA_Design
https://img.zcool.cn/community/01f3e05e82ab74a80121651822d0bd.jpg@260w_195h_1c_1e_1o_100sh.jpg,如何评价微信新上线的深色模式？,文章-观点-UI,30141,709,119,,酸梅干超人
https://img.zcool.cn/community/01da465e79ec57a80120a8953eb356.jpg@260w_195h_1c_1e_1o_100sh.jpg,OPPO Reno3 外观短片,三维-产品,14185,438,27,,CCLab
https://img.zcool.cn/community/01a2735e821554a80121651831960c.jpg@260w_195h_1c_1e_1o_100sh.jpg,【海信国际】电视项目作品分享,网页-电商,44877,1602,129,,杰克sean
https://img.zcool.cn/community/01324f5e81bf87a80121651864af15.jpg@260w_195h_1c_1e_1o_100sh.jpg,AIS&#39;UI 小米小爱触屏音箱系统UI设计,UI-软件界面,47543,1405,82,,小米智能创意设计
https://img.zcool.cn/community/016b655e81e2eaa801216518f280fe.jpg@260w_195h_1c_1e_1o_100sh.jpg,曙光·胜战,插画-插画习作,17389,1615,92,,插画杨权
https://img.zcool.cn/community/016d205e81731aa80120a895a57cb5.jpg@260w_195h_1c_1e_1o_100sh.jpg,NIKE — HYPERLOCAL GRAPHIC 门店定制图形,插画-商业插画,15161,647,33,,lyd李一丹
https://img.zcool.cn/community/0022f35e816bcca8012165188cdb84.png@260w_195h_1c_1e_1o_100sh.jpg,未来手机 iQOO概念设计,插画-概念设定,9621,250,13,,刃一
https://img.zcool.cn/community/017d045e81aea1a801216518b4f5ec.jpg@260w_195h_1c_1e_1o_100sh.jpg,框物小边几 | Basket side table,工业/产品-家具,11705,247,23,,杏仁菜菜头
https://img.zcool.cn/community/015bbe5e81a4e3a8012165185970dd.jpg@260w_195h_1c_1e_1o_100sh.jpg,【2019】卡通形象案例展示Ⅱ,平面-吉祥物,17825,545,27,,STARTALK星话
https://img.zcool.cn/community/03129b75e8152b9a801216518774637.jpg@260w_195h_1c_1e_1o_100sh.jpg,小结一下,插画-商业插画,50594,2076,122,,LOVLSQ
https://img.zcool.cn/community/01c5f05e818f3ba80120a89552d375.jpg@260w_195h_1c_1e_1o_100sh.jpg,2020 | 3月产品详情页合集,网页-电商,41641,985,195,,Jeremy小江
https://img.zcool.cn/community/011a165e818008a80121651881bca9.jpg@260w_195h_1c_1e_1o_100sh.jpg,毕业季|PN毕业要去幼稚园啦!,动漫-中/长篇漫画,9298,352,44,,伊月eyue
https://img.zcool.cn/community/013da35e816066a80120a895039286.jpg@260w_195h_1c_1e_1o_100sh.jpg,憨猫呆咪2表情上线,动漫-网络表情,14525,464,30,,噗噗爱画画
https://img.zcool.cn/community/01c5995e815a6ea8012165184fb200.jpg@260w_195h_1c_1e_1o_100sh.jpg,关于纸的创作--《日常之物》第二期,摄影-静物,19958,904,85,,当下视觉摄影
https://img.zcool.cn/community/0151065e80b9bda801216518167a89.jpg@260w_195h_1c_1e_1o_100sh.jpg,EVILBUNNY·LAB | 武装计划,平面-其他平面,17204,988,60,,7inx白湫
https://img.zcool.cn/community/0086d95e80a48fa801216518d5789c.png@260w_195h_1c_1e_1o_100sh.jpg,iQOO|2069 未知的次世代,平面-其他平面,15934,819,76,,Axiu_Namgart
https://img.zcool.cn/community/010d905e80a75aa801216518efb948.jpg@260w_195h_1c_1e_1o_100sh.jpg,低饱和青橙色调几步搞定，Lightroom网红后期调色教程,摄影-风光,29845,1180,74,,thomas看看世界
https://img.zcool.cn/community/01cf1e5e815778a80120a8954b324a.jpg@260w_195h_1c_1e_1o_100sh.jpg,动物不凶猛——手绘动物集合,纯艺术-彩铅,25482,413,35,,柴永生
https://img.zcool.cn/community/017a905e7f8165a80120a8956b4b32.jpg@260w_195h_1c_1e_1o_100sh.jpg,野狗富贵 | 99 little monsters,插画-其他插画,26044,1372,110,,野狗富贵
https://img.zcool.cn/community/011bae5e804057a801216518992fc7.jpg@260w_195h_1c_1e_1o_100sh.jpg,三只松鼠青团/踏青团,平面-包装,59215,914,79,,禾作文创
https://img.zcool.cn/community/0170cb5e7f3af8a80120a89556afaa.jpg@260w_195h_1c_1e_1o_100sh.jpg,手写美术字体,平面-字体/字形,21647,420,73,,依然浚
https://img.zcool.cn/community/0192a05e800b45a80120a8953ff28d.jpg@260w_195h_1c_1e_1o_100sh.jpg,《致敬英雄》,摄影-人像,14672,601,34,,吉他猪
https://img.zcool.cn/community/01f6955e6ed6aca801216518fd8d64.jpg@260w_195h_1c_1e_1o_100sh.jpg,Wonderland,三维-动画/影视,16814,460,92,,Gshihao
https://img.zcool.cn/community/01bb185e7eed4aa80121651839bd1d.jpg@260w_195h_1c_1e_1o_100sh.jpg,一些铅笔手绘插图,插画-商业插画,34384,910,38,,陆颗颗ing
https://img.zcool.cn/community/01bdd25e7f5d48a80120a895a668fe.jpg@260w_195h_1c_1e_1o_100sh.jpg,《明颗子》,插画-绘本,13350,465,43,,尖角帽
https://img.zcool.cn/community/0189ad5e7ee8c7a8012165183e9ea0.jpg@260w_195h_1c_1e_1o_100sh.jpg,梦和文字的光,插画-商业插画,10542,714,28,,小排排排
https://img.zcool.cn/community/019c695e803145a80120a895917489.jpg@260w_195h_1c_1e_1o_100sh.jpg,宅家系列老画变新图,插画-儿童插画,10118,316,17,,胖蛇CHER
https://img.zcool.cn/community/0185745e7de6c2a801216518eae4ef.jpg@260w_195h_1c_1e_1o_100sh.jpg,绽影像之《七彩牧场II》,摄影-静物,10731,425,20,,陈绽
https://img.zcool.cn/community/0106675e7dc3a9a80120a895fac5bc.jpg@260w_195h_1c_1e_1o_100sh.jpg,体系化设计助力抗疫——阿里防疫全球寻源平台设计,文章-观点-多领域,17563,521,17,,阿里巴巴CBU设计
https://img.zcool.cn/community/01a8795e7c2105a80120a895c34553.jpg@260w_195h_1c_1e_1o_100sh.jpg,设计中被你忽略掉的画面表现力,文章-教程-多领域,33102,1682,66,,Martin_K
https://img.zcool.cn/community/01d2645e7eee86a80120a895be8a07.jpg@260w_195h_1c_1e_1o_100sh.jpg,汉字境/一字禅《上林池馆酿三月》,平面-字体/字形,20000,292,36,,zenith徐伟
https://img.zcool.cn/community/01c9db5e7dd417a80120a8954a4219.jpg@260w_195h_1c_1e_1o_100sh.jpg,2002 韩国陶器 infographic poster,平面-信息图表,8041,198,15,,203_InfoLab
https://img.zcool.cn/community/018c6d5e7df756a801216518d5c7f8.jpg@260w_195h_1c_1e_1o_100sh.jpg,林川一目JOOEE&JOONI森林童话系列盲盒,手工艺-手办/模玩,55440,1119,81,,冯早早哇
https://img.zcool.cn/community/01fb8c5e7dbdb8a80121651864db80.jpg@260w_195h_1c_1e_1o_100sh.jpg,关于春,插画-商业插画,46068,4026,241,,麦伢
https://img.zcool.cn/community/019a4b5e7d5290a8012165181f3c58.jpg@260w_195h_1c_1e_1o_100sh.jpg,VIVO X30 Pro aw联名限定版&OPPO FINDX2 PRO,摄影-产品,37500,366,72,,X老师会拍照
https://img.zcool.cn/community/010ba95e7d61faa80120a89531b9ba.jpg@260w_195h_1c_1e_1o_100sh.jpg,纯手工双面刺绣葫（福）芦（禄）荷包,手工艺-其他手工,12719,166,23,,王丹青爱手创
https://img.zcool.cn/community/01118e5e7d8ca7a80120a895db336a.jpg@260w_195h_1c_1e_1o_100sh.jpg,短发与长发,插画-其他插画,22953,1306,39,,森林数字艺术莫娜
https://img.zcool.cn/community/0153025e7cd488a8012165181e2b8c.jpg@260w_195h_1c_1e_1o_100sh.jpg,一套概念,插画-概念设定,17941,416,33,,殷正
https://img.zcool.cn/community/01ec435e7c89d2a80120a895d0cfb4.jpg@260w_195h_1c_1e_1o_100sh.jpg,想和你聊聊虚拟制作,影视-后期/剪辑,16219,430,28,,PIXOMONDO
https://img.zcool.cn/community/01fdf15e7c600ba80121651832f595.jpg@260w_195h_1c_1e_1o_100sh.jpg,夏宴—花酒包装设计,平面-包装,16805,407,44,,郑霄
https://img.zcool.cn/community/017b9e5e7c71e7a801216518b9a3dd.jpg@260w_195h_1c_1e_1o_100sh.jpg,【萌芽熊】愿世间美好与你环环相扣,动漫-三维动画,10914,650,54,,萌芽熊DooroBear
https://img.zcool.cn/community/031dfa45e7c6f04a80120a8957a36d1.jpg@260w_195h_1c_1e_1o_100sh.jpg,大巫·方相氏,纯艺术-水彩,18474,1285,91,,画师杉泽
https://img.zcool.cn/community/0138f55e7c4bd7a80120a8952c0eb7.jpg@260w_195h_1c_1e_1o_100sh.jpg,VI设计 餐饮品牌 餐饮设计 餐饮VI 品牌设计,平面-品牌,79643,2001,177,,郑昌洪
https://img.zcool.cn/community/0145b75e7b333ea801216518c63b59.jpg@260w_195h_1c_1e_1o_100sh.jpg,Redmi K30 Pro × 速度与激情,三维-动画/影视,23224,630,71,,景琦JQ
https://img.zcool.cn/community/01d4605e7c5f08a80120a895b0fb17.jpg@260w_195h_1c_1e_1o_100sh.jpg,非人哉547-548,动漫-短篇/四格漫画,22897,908,72,,非人哉漫画
https://img.zcool.cn/community/01c0fa5e7c1e6ca801216518c61bc0.jpg@260w_195h_1c_1e_1o_100sh.jpg,窜天鼠D2020型 ReflexDesign New Year Gift,平面-包装,23387,1084,54,,ReflexDesign
https://img.zcool.cn/community/013f9b5e7c5b4fa80120a895e5c901.jpg@260w_195h_1c_1e_1o_100sh.jpg,《唐人街探案》网剧版系列海报,平面-海报,26178,626,60,,赵力视觉
https://img.zcool.cn/community/03158355e7c2fe8a801216518c0f539.jpg@260w_195h_1c_1e_1o_100sh.jpg,九山剧情,插画-插画习作,40247,806,97,,DADA插画
https://img.zcool.cn/community/0141755e7c1886a80120a895bd9e34.jpg@260w_195h_1c_1e_1o_100sh.jpg,IP人物形象设计+3D建模合集,平面-吉祥物,20888,1041,63,,卜拿星文化
https://img.zcool.cn/community/01c1e35e2570b8a801216518322c6c.jpg@260w_195h_1c_1e_1o_100sh.jpg,近期网页设计,网页-企业官网,21738,647,60,,zack820
https://img.zcool.cn/community/01002a5e7a5333a80121651879e4d4.jpg@260w_195h_1c_1e_1o_100sh.jpg,RayData疫情态势数据可视化系统,UI-其他UI  ,60750,1247,121,,光启元行业研究院
https://img.zcool.cn/community/0121695e7cd4a0a80120a895ef0cc9.jpg@260w_195h_1c_1e_1o_100sh.jpg,「知群X知乎 中国产品设计大赛」成为更好的自己,UI-APP界面,51209,1415,316,,BridgeQ
https://img.zcool.cn/community/01afa85e7b88fea80120a89564577b.jpg@260w_195h_1c_1e_1o_100sh.jpg,小米手表Color | 视觉整案,网页-电商,25592,658,61,,PaulChan
https://img.zcool.cn/community/0147055e7bf613a80120a89567dc7b.jpg@260w_195h_1c_1e_1o_100sh.jpg,糯糯白色蕾丝裙,服装-休闲/流行服饰,17761,354,30,,婚纱设计师兰奕
https://img.zcool.cn/community/0175145e79e108a80120a8959d0df0.jpg@260w_195h_1c_1e_1o_100sh.jpg,报纸+杂志 插画&GIF,插画-商业插画,12804,288,5,,MengxinLi
https://img.zcool.cn/community/01cab65e679a32a80120a8957cdb8d.jpg@260w_195h_1c_1e_1o_100sh.jpg,海信50周年 品牌宣传片,影视-宣传片,20205,472,16,,CCLab
https://img.zcool.cn/community/0116015e7b07d0a801216518175c12.jpg@260w_195h_1c_1e_1o_100sh.jpg,乐轻然矿泉水饮品平面拍摄,摄影-人像,34693,637,54,,武减武文化创意
https://img.zcool.cn/community/0180025e79e6f8a80120a895957693.jpg@260w_195h_1c_1e_1o_100sh.jpg,花季如何拍出美美的古风照,文章-教程-摄影,22182,767,36,,摄影师蝈蝈小姐
https://img.zcool.cn/community/01a93d5e79b7c1a8012165181e883b.jpg@260w_195h_1c_1e_1o_100sh.jpg,设计匠人 | 一个人完成的3D动画片,文章-资讯-多领域,18715,696,34,,腾讯ISUX
https://img.zcool.cn/community/01b69c5e7ae4fca80120a895a39c09.jpg@260w_195h_1c_1e_1o_100sh.jpg,飞天系列+唐仕女系列（2020年第一季度总结）,插画-插画习作,37028,1102,47,,焦响乐
https://img.zcool.cn/community/015b065e7a67e6a80120a8950f19ef.jpg@260w_195h_1c_1e_1o_100sh.jpg,迪升涂字-手写字体设计,平面-字体/字形,25123,515,44,,迪升
https://img.zcool.cn/community/01e0b45e7a1bf8a80120a895a6fa3d.jpg@260w_195h_1c_1e_1o_100sh.jpg,2019-2020工作记录—Redmi K30 系列,网页-其他网页,23029,1039,145,,尽头
https://img.zcool.cn/community/031dbbe5e7ab1e6a80120a895472051.jpg@260w_195h_1c_1e_1o_100sh.jpg,小时候与刀马记,纯艺术-油画,8239,153,18,,杜溪
https://img.zcool.cn/community/01e8535e79fb13a801216518aee251.jpg@260w_195h_1c_1e_1o_100sh.jpg,2020详情页系列之casper,网页-电商,29457,1156,110,,梁定然_霍普斯汀
https://img.zcool.cn/community/016eb55e7aac0ba801216518c3a2a2.jpg@260w_195h_1c_1e_1o_100sh.jpg,【式神祖先】,插画-插画习作,53099,3143,104,,bigballgao
https://img.zcool.cn/community/01f7915e7b2e92a801216518cdb625.jpg@260w_195h_1c_1e_1o_100sh.jpg,Space Coffee | EinStudio x CrazyJN 联名雕像,工业/产品-玩具,17980,978,63,,疯景
https://img.zcool.cn/community/01803b5e79e269a801216518965005.jpg@260w_195h_1c_1e_1o_100sh.jpg,李永铨专访：挑选客户这件事，他坚持了30年,文章-专访-平面,14479,406,22,,站酷奖
https://img.zcool.cn/community/0029655e7a2974a80120a895760908.png@260w_195h_1c_1e_1o_100sh.jpg,IQOO-[F],工业/产品-电子产品,18698,212,53,,LAMBERTZ
https://img.zcool.cn/community/01d9b85e79b5f4a801216518b293e3.jpg@260w_195h_1c_1e_1o_100sh.jpg,遇见美好【C4D冻结的花草】,三维-其他三维,37917,3476,198,,白无常电商设计
https://img.zcool.cn/community/01f7e65e7a1615a801216518702fcd.jpg@260w_195h_1c_1e_1o_100sh.jpg,枝-CGI,三维-场景,19144,805,81,,GengXiHR
https://img.zcool.cn/community/013def5e79b344a801216518e05724.jpg@260w_195h_1c_1e_1o_100sh.jpg,稚优泉 散粉设计,工业/产品-生活用品,30292,1066,70,,念相
https://img.zcool.cn/community/015a9d5e78d9b2a80120a895a48719.jpg@260w_195h_1c_1e_1o_100sh.jpg,百词斩·爱阅读,插画-商业插画,40287,843,43,,ZAki_zeng
https://img.zcool.cn/community/0147425e7824dba8012165184a6da4.jpg@260w_195h_1c_1e_1o_100sh.jpg,RayData中国世界遗产项目分享,UI-APP界面,38575,1050,163,,RayData实验室
https://img.zcool.cn/community/01aa8e5e463e2ea8012165188f76ce.jpg@260w_195h_1c_1e_1o_100sh.jpg,邮董家咸鸭蛋品牌设计,平面-品牌,64800,1572,78,,THEQ_Design
https://img.zcool.cn/community/011ce35e79c632a801216518a37690.jpg@260w_195h_1c_1e_1o_100sh.jpg,明白书桌 | 隐藏式抽屉书桌,工业/产品-家具,15672,217,25,,杏仁菜菜头
https://img.zcool.cn/community/011a975e79bc44a801216518daf5b7.jpg@260w_195h_1c_1e_1o_100sh.jpg,汤臣杰逊【樱姿娜内衣品牌新视觉作品分享】 ,网页-电商,36023,1493,156,,汤臣杰逊
https://img.zcool.cn/community/01ba7e5e21cca6a801216518b83334.jpg@260w_195h_1c_1e_1o_100sh.jpg,交互动效-转场的那些事儿,文章-观点-多领域,18057,845,28,,酷酷的小磊
https://img.zcool.cn/community/01f0b15e79b147a80120a895906423.jpg@260w_195h_1c_1e_1o_100sh.jpg,贺岁蓝鼠／新年怪物#正•㍿# ,插画-其他插画,7793,107,3,,菠萝正
https://img.zcool.cn/community/01c09d5e798890a8012165180aeb14.jpg@260w_195h_1c_1e_1o_100sh.jpg,《人间值得》,平面-书籍,12026,242,15,,Mlimt_Design
https://img.zcool.cn/community/01cf135e7870fba80120a895278c62.jpg@260w_195h_1c_1e_1o_100sh.jpg,几张图,插画-商业插画,35761,1452,83,,手指断了a
https://img.zcool.cn/community/01cd1a5e786de8a801216518da6b33.jpg@260w_195h_1c_1e_1o_100sh.jpg,﹝全球超稀有收藏﹞ECC潘神的迷宫Pale Man 1:1 胸像,手工艺-手办/模玩,119789,806,204,,VeryMuseum
https://img.zcool.cn/community/0145bd5e4a4f38a80120a895cc2d6e.jpg@260w_195h_1c_1e_1o_100sh.jpg,夢の機 THE DREAM MACHINE,三维-动画/影视,16310,215,13,,菱视文化传媒
https://img.zcool.cn/community/01aa645e7821cda8012165188a996b.jpg@260w_195h_1c_1e_1o_100sh.jpg,「你我猫狗」河北,插画-商业插画,13831,623,34,,木木王木木19
https://img.zcool.cn/community/0172cd5e786f1fa8012165183e7408.jpg@260w_195h_1c_1e_1o_100sh.jpg,iOS与Android设计规范解析（二）之常用控件,文章-观点-UI,18852,475,12,,UX设计笔记
https://img.zcool.cn/community/012c675e780de4a801216518619ca5.jpg@260w_195h_1c_1e_1o_100sh.jpg,修理台,插画-概念设定,9677,543,22,,migaloo2341
https://img.zcool.cn/community/01d5d65e77722fa8012165189228f7.jpg@260w_195h_1c_1e_1o_100sh.jpg,Cos钢铁侠 Mark 1 —— 可穿戴钢铁侠战甲制作花絮,手工艺-其他手工,39807,351,28,,光澤作用工作室
https://img.zcool.cn/community/0140775e77ddf0a8012165186fd851.jpg@260w_195h_1c_1e_1o_100sh.jpg,《来自喵星系列》-糖糖的甜品店第三弹6只猫,插画-商业插画,13067,704,91,,Jolbilin焦炭炭
https://img.zcool.cn/community/0125f25e776322a801216518f5db36.jpg@260w_195h_1c_1e_1o_100sh.jpg,简笔插画2020.3月-2,插画-儿童插画,25170,782,79,,巴颜简笔插画
https://img.zcool.cn/community/01d0ca5e78a4aca801216518043c33.jpg@260w_195h_1c_1e_1o_100sh.jpg,IQOO【移动设备模块化试验】,平面-海报,25672,1473,82,,小田仙人
https://img.zcool.cn/community/01a3b45e7893baa80120a8950d4811.jpg@260w_195h_1c_1e_1o_100sh.jpg,《加泰罗尼亚地图集》,平面-书籍,9453,161,20,,天佑书房
https://img.zcool.cn/community/01fe5a5e7963f6a80120a89584c434.jpg@260w_195h_1c_1e_1o_100sh.jpg,宇宙波比—在春暖花开的日子启程 Astrobobi C4D Works,三维-人物/生物,24501,2384,117,,灰昼
https://img.zcool.cn/community/01e58c5e76f42ba80120a895d84e03.jpg@260w_195h_1c_1e_1o_100sh.jpg,鼠年抗毒,动漫-其他动漫,12786,1361,62,,约翰强尼
https://img.zcool.cn/community/0186145e786c16a80120a895b388f4.jpg@260w_195h_1c_1e_1o_100sh.jpg,梨花笑 之 人生若只如初见梦鱼,摄影-人像,34557,1322,91,,腰果虾仁
https://img.zcool.cn/community/0112445e784756a80120a895f9c6ec.jpg@260w_195h_1c_1e_1o_100sh.jpg,华南MALL-购物中心）商场综合体品牌吉祥物IP设计,平面-吉祥物,42328,426,34,,赤犬制造所REDOG
https://img.zcool.cn/community/01e1d15e7836daa80121651819b22e.jpg@260w_195h_1c_1e_1o_100sh.jpg,Kobe\球鞋 合集,摄影-修图/后期,35008,248,39,,召召召召召
https://img.zcool.cn/community/01bdd45e748e65a80120a895d5fb9b.jpg@260w_195h_1c_1e_1o_100sh.jpg,vivo 周年员工礼盒设计丨EMPLOYEE WELFARE,平面-包装,56282,732,24,,末厘品牌设计
https://img.zcool.cn/community/01d3045e77262aa80121651859851a.jpg@260w_195h_1c_1e_1o_100sh.jpg,时光流沙,摄影-风光,15821,327,36,,列马革
https://img.zcool.cn/community/0128ee5e785c03a80120a895ac050d.jpg@260w_195h_1c_1e_1o_100sh.jpg,OPPO watch外观视频_by seenvision,三维-动画/影视,20313,882,68,,SEENVISION
https://img.zcool.cn/community/018aaf5e782f1aa80120a8950eb085.jpg@260w_195h_1c_1e_1o_100sh.jpg,禅·鹿丨路由器,工业/产品-电子产品,21130,391,73,,挠头阿吉
https://img.zcool.cn/community/0123565e780d52a801216518366512.jpg@260w_195h_1c_1e_1o_100sh.jpg,壹壹外语品牌设计,平面-品牌,47578,612,51,,傻傻的张晓明
https://img.zcool.cn/community/01d80b5e77fbe3a80120a8952f0ae1.jpg@260w_195h_1c_1e_1o_100sh.jpg,iQOO概念手机,平面-海报,32694,1490,74,,肖坤前_shaw
https://img.zcool.cn/community/011a315e7769dca8012165188702c5.jpg@260w_195h_1c_1e_1o_100sh.jpg,喜鹊2020新作 | 中国茶，对交流的无限渴望,平面-包装,44811,427,64,,喜鹊包装实验室
https://img.zcool.cn/community/018f215e77a09ba80120a89542efbb.jpg@260w_195h_1c_1e_1o_100sh.jpg,写实空间元素风合成海报赏析,网页-电商,59429,1926,159,,杰克sean
https://img.zcool.cn/community/01d6a45e777dd8a80121651895025e.jpg@260w_195h_1c_1e_1o_100sh.jpg,王者荣耀青白蛇皮肤H5,影视-Motion Graphic,38378,1224,78,,恬叔叔
https://img.zcool.cn/community/activity_cover/53f55e7801d40000011f3fd747c0.jpg@260w_195h_1c_1e_1o_100sh.jpg,描绘对你意义非凡的“植”物语,活动-线上活动,24704,1159,无,,站酷小Z
https://img.zcool.cn/community/01cab95e773133a80121651826e516.jpg@260w_195h_1c_1e_1o_100sh.jpg,《鬓边不是海棠红》插图,插画-插画习作,57903,2083,204,,才仙插画
https://img.zcool.cn/community/01f90b5e772fa4a80121651812e0b0.jpg@260w_195h_1c_1e_1o_100sh.jpg,头肩三把火，天黑勿回头,插画-绘本,22783,1897,178,,叁眼
https://img.zcool.cn/community/01ee815e76fcf9a80120a895a8ae76.jpg@260w_195h_1c_1e_1o_100sh.jpg,PRESSURE DREAM,插画-其他插画,22018,718,27,,YIM野姆
https://img.zcool.cn/community/0155345e772b0da801216518525871.jpg@260w_195h_1c_1e_1o_100sh.jpg,尚巍手书,平面-字体/字形,20571,309,26,,尚巍
https://img.zcool.cn/community/0120695e76fa65a80120a89524fd13.jpg@260w_195h_1c_1e_1o_100sh.jpg,2020丨LOGO集,平面-标志,39135,759,92,,Der炎
https://img.zcool.cn/community/012f3a5e75e2caa80120a895a95ee4.jpg@260w_195h_1c_1e_1o_100sh.jpg,王者荣耀 【抢鲲大作战】,插画-商业插画,11729,462,37,,YOUNGIKE
https://img.zcool.cn/community/0118ad5e8f26e6a80120a8950307a7.jpg@260w_195h_1c_1e_1o_100sh.jpg,Hello~奇九蛙,平面-吉祥物,34716,3408,225,,老火炕
https://img.zcool.cn/community/0122235e771f24a801216518d44f7b.jpg@260w_195h_1c_1e_1o_100sh.jpg,一起去看花吧,摄影-人像,57932,681,60,,徐八喵
https://img.zcool.cn/community/0315e765e7607e8a801216518cc7274.jpg@260w_195h_1c_1e_1o_100sh.jpg,楚歌《虞歌》,插画-游戏原画,12961,650,37,,徐子晖cicman
https://img.zcool.cn/community/01f85f5e75a448a8012165187eee4e.jpg@260w_195h_1c_1e_1o_100sh.jpg,食物健美大赛,插画-其他插画,13307,1686,102,,约翰强尼
https://img.zcool.cn/community/00d5075e759035a80120a895b49b30.png@260w_195h_1c_1e_1o_100sh.jpg,iQOO未来科幻机,插画-概念设定,14861,649,49,,咯咯新生
https://img.zcool.cn/community/019ba75e759fb2a80120a8950fdeb3.jpg@260w_195h_1c_1e_1o_100sh.jpg,为什么你拍不出故事感？8个实用技巧让你用活电影修辞学,文章-教程-摄影,29797,1221,38,,七七小菇凉
https://img.zcool.cn/community/0150085e749129a80121651834b752.jpg@260w_195h_1c_1e_1o_100sh.jpg,给宝宝的周岁礼,手工艺-其他手工,9838,165,20,,王丹青爱手创
https://img.zcool.cn/community/01ea4a5e7473ffa80120a895dd86e0.jpg@260w_195h_1c_1e_1o_100sh.jpg,日常小事一件 20年3月篇,插画-插画习作,18284,730,58,,宁大侠
https://img.zcool.cn/community/0122f55e74648aa801216518d3ef24.jpg@260w_195h_1c_1e_1o_100sh.jpg,巴德岗,摄影-人像,29657,643,52,,摄影师蝈蝈小姐
https://img.zcool.cn/community/01ddfc5e74bb3ca80120a89533fb49.jpg@260w_195h_1c_1e_1o_100sh.jpg,为什么交互设计能帮助产品解决问题,文章-观点-多领域,23263,628,43,,应骏
https://img.zcool.cn/community/016d025e749187a80120a89543339e.jpg@260w_195h_1c_1e_1o_100sh.jpg,女性向设计中的“实用美”—《食物语》视觉包装设计思路,文章-教程-多领域,16761,550,36,,腾讯游戏学院
https://img.zcool.cn/community/015f505e746ee8a8012165182d6ae4.jpg@260w_195h_1c_1e_1o_100sh.jpg,腾讯跨界联名公仔 QQx一人之下,工业/产品-玩具,13237,371,66,,TINYBRAND
https://img.zcool.cn/community/01262c5e745756a80120a89502993b.jpg@260w_195h_1c_1e_1o_100sh.jpg,Giant 2,插画-商业插画,12529,545,48,,Tooth611
https://img.zcool.cn/community/01118f5e749b12a80121651809b463.jpg@260w_195h_1c_1e_1o_100sh.jpg,FStormRender工装家装作品,空间-室内设计,26675,429,45,,大师一号壹哥
https://img.zcool.cn/community/0148a35e738befa801216518949ed6.jpg@260w_195h_1c_1e_1o_100sh.jpg,iOS与Android设计规范解析（一）,文章-观点-UI,22018,698,31,,UX设计笔记
https://img.zcool.cn/community/03145aa5e730daaa801216518c64e45.jpg@260w_195h_1c_1e_1o_100sh.jpg,正反,摄影-人像,13152,265,40,,Youth疯子
https://img.zcool.cn/community/0161685e74335fa801216518ea217c.jpg@260w_195h_1c_1e_1o_100sh.jpg,详情页,网页-电商,40993,1539,169,,谢小董
https://img.zcool.cn/community/0106ce5e7429b7a801216518a6e190.jpg@260w_195h_1c_1e_1o_100sh.jpg,Bright的手写字体,平面-字体/字形,25930,833,95,,Bright_Woo
https://img.zcool.cn/community/01c9bd5e741c42a801216518a51eaa.jpg@260w_195h_1c_1e_1o_100sh.jpg,Vietnam 110 Apartment,三维-建筑/空间,8735,324,52,,AngleError
https://img.zcool.cn/community/0199285e73babaa801216518cb7fd3.jpg@260w_195h_1c_1e_1o_100sh.jpg,安踏 x COMOON：泡泡踩上瘾，裂变升级！,影视-宣传片,18281,427,26,,COMOON
https://img.zcool.cn/community/01c4155e7384a6a8012165185e6078.jpg@260w_195h_1c_1e_1o_100sh.jpg,《818汽车之夜》动画片头,影视-栏目包装,12645,215,24,,RPLUSDESIGN
https://img.zcool.cn/community/0180d65e738583a80120a895f0dcc0.jpg@260w_195h_1c_1e_1o_100sh.jpg,春天来啦! 打包上传2019!,三维-动画/影视,64967,1349,39,,CHENsuosuo
https://img.zcool.cn/community/01bb2c5e733004a80120a895805b96.jpg@260w_195h_1c_1e_1o_100sh.jpg,《肩担日月斜昆仑.青刻魂.葡萄绒绒》日本颜彩-人川集,插画-其他插画,26769,487,45,,白中南
https://img.zcool.cn/community/019f2c5e73392aa80120a895f7c9a0.jpg@260w_195h_1c_1e_1o_100sh.jpg,B端品牌如何面向C端用户,文章-观点-UI,15788,305,12,,烨辰_Designer
https://img.zcool.cn/community/016cf25e72e548a80120a895b1bd43.jpg@260w_195h_1c_1e_1o_100sh.jpg,2019~2020《周末画报》合作合集,插画-其他插画,20538,718,35,,孙璐哥哥
https://img.zcool.cn/community/01e1c55e72e28da801216518404f40.jpg@260w_195h_1c_1e_1o_100sh.jpg,《瓜里撸猫》,插画-插画习作,28949,1412,56,,狐狸狐狸鱼
https://img.zcool.cn/community/01b6b05e733441a80120a895debff1.jpg@260w_195h_1c_1e_1o_100sh.jpg,【萌芽熊】春日好运正在派件，明天不来就是后天,动漫-三维动画,7348,313,38,,萌芽熊DooroBear
https://img.zcool.cn/community/01d71a5e732b0ca8012165185b94c5.jpg@260w_195h_1c_1e_1o_100sh.jpg,解构-版式设计中的“表与里”,文章-教程-平面,30792,1730,84,,设猎派
https://img.zcool.cn/community/01f55d5e7326fba80120a89532aca6.jpg@260w_195h_1c_1e_1o_100sh.jpg,非人哉545-546,动漫-短篇/四格漫画,21073,954,54,,非人哉漫画
https://img.zcool.cn/community/017d575e730516a801216518540d38.jpg@260w_195h_1c_1e_1o_100sh.jpg,恐龙RUNNING 第二辑,动漫-短篇/四格漫画,13765,871,70,,草木虫
https://img.zcool.cn/community/0130535e724f9ca80120a895845115.jpg@260w_195h_1c_1e_1o_100sh.jpg,你们别玩啦！赶紧上山！—致童年回忆《魔神英雄传》,摄影-修图/后期,77049,816,100,,吉他猪
https://img.zcool.cn/community/0118aa5e72f50fa80121651871a15c.jpg@260w_195h_1c_1e_1o_100sh.jpg,用文化美学打造有温度的农产品品牌 |绿保利他品牌升级,平面-品牌,63572,830,77,,容品牌
https://img.zcool.cn/community/0149725e722536a8012165188b0fbc.jpg@260w_195h_1c_1e_1o_100sh.jpg,食物在沙漠做着超现实的事,摄影-其他摄影,43893,1035,94,,YUM汤汤
https://img.zcool.cn/community/01d38e5e727b81a80120a89584be07.jpg@260w_195h_1c_1e_1o_100sh.jpg,鬼神之书,插画-概念设定,11190,479,99,,zproo
https://img.zcool.cn/community/01eaf45e721653a80121651881bcda.jpg@260w_195h_1c_1e_1o_100sh.jpg,百草味X东方好礼——锦食潮盒,平面-包装,32526,708,69,,东方好礼
https://img.zcool.cn/community/01bb5a5e71e2faa801216518b38988.jpg@260w_195h_1c_1e_1o_100sh.jpg,Kwai 品牌插画,插画-商业插画,35389,1262,90,,我是子鉴吗
https://img.zcool.cn/community/01c0225e723be2a8012165188e7d24.jpg@260w_195h_1c_1e_1o_100sh.jpg,腾讯动漫画、阅文网文出海、助盲公益---动画广告,动漫-动画片,14717,342,21,,BuddyA_Studio
https://img.zcool.cn/community/01c9015e71e083a8012165180b7e70.jpg@260w_195h_1c_1e_1o_100sh.jpg,优质商业创作机会，会让我们得到什么？,文章-专访-其他,7108,198,5,,设计师专访
https://img.zcool.cn/community/018c035e71dca7a801216518dc300c.jpg@260w_195h_1c_1e_1o_100sh.jpg,企业微信2019年度发布会系列动画,影视-Motion Graphic,23437,598,34,,魔格工作室
https://img.zcool.cn/community/01ede55e71d8a7a801216518c18683.jpg@260w_195h_1c_1e_1o_100sh.jpg,问童子®玩偶｜渔者·鸬鹚,工业/产品-玩具,15290,200,19,,问童子
https://img.zcool.cn/community/0133765e70f0c1a80120a89537e25b.jpg@260w_195h_1c_1e_1o_100sh.jpg,六组商业品牌官网合集,网页-企业官网,33158,462,76,,XN一VISION
https://img.zcool.cn/community/016b5e5e720dd9a8012165181309cd.jpg@260w_195h_1c_1e_1o_100sh.jpg,36幅时尚插画里的美人/你喜欢哪个她？,插画-商业插画,41655,2581,178,,Marina任桃桃
https://img.zcool.cn/community/014b165e708934a80121651814ad09.jpg@260w_195h_1c_1e_1o_100sh.jpg,电影插图,插画-其他插画,35898,1744,109,,伴伴
https://img.zcool.cn/community/01dfbf5e7174d3a801216518566926.jpg@260w_195h_1c_1e_1o_100sh.jpg,【戊辰设计】字形设计汇总,平面-字体/字形,29090,332,58,,张小波
https://img.zcool.cn/community/01abe65e70f05ca8012165180ad45c.jpg@260w_195h_1c_1e_1o_100sh.jpg,繁花 / Book Decoration,平面-书装/画册,15085,426,23,,时分印刷
https://img.zcool.cn/community/01d08a5e70934ba80120a895934aaa.jpg@260w_195h_1c_1e_1o_100sh.jpg,格萨尔王全传,插画-商业插画,21459,229,50,,阳月
https://img.zcool.cn/community/013aba5e7065cea801216518fc14db.jpg@260w_195h_1c_1e_1o_100sh.jpg,ISUX译文 | The PBR Guide基于物理的渲染指引(下),文章-资讯-多领域,7570,93,15,,腾讯ISUX
https://img.zcool.cn/community/016a135e4b6a56a80120a8955705c2.jpg@260w_195h_1c_1e_1o_100sh.jpg, OPPO RENO 3 5G 新品发布会,三维-动画/影视,31512,443,39,,菱视文化传媒
https://img.zcool.cn/community/0169a45e7089e1a801216518fd8433.jpg@260w_195h_1c_1e_1o_100sh.jpg,2020浙江卫视《王牌对王牌-第五季》片头设计,三维-动画/影视,27644,1093,50,,Tenline_studio
https://img.zcool.cn/community/019d065e707c63a80121651884caab.jpg@260w_195h_1c_1e_1o_100sh.jpg,十二生肖平铺插画,插画-插画习作,54662,2820,105,,killerkoo
https://img.zcool.cn/community/018e7a5e70630aa80120a895040b89.jpg@260w_195h_1c_1e_1o_100sh.jpg,华为Mate30 Pro纽约（曼哈顿）拍摄样张7,摄影-手机,44748,593,70,,武减武文化创意
https://img.zcool.cn/community/01a7275e706a21a8012165184b37b1.jpg@260w_195h_1c_1e_1o_100sh.jpg,| 字体设计合集 |,平面-字体/字形,38929,874,117,,刺猬设计
https://img.zcool.cn/community/014c3f5e6f0b68a80121651821fb7e.jpg@260w_195h_1c_1e_1o_100sh.jpg,BITONE X 北京现代：奏响新能源车市场的主旋律,三维-机械/交通,8301,147,20,,BITONE叶青司机
https://img.zcool.cn/community/01f4e15e7049bfa80121651875a297.jpg@260w_195h_1c_1e_1o_100sh.jpg,旅行指南,网页-其他网页,15973,273,29,,应凡互动
https://img.zcool.cn/community/01a5255e705c63a80120a8956bdf2a.jpg@260w_195h_1c_1e_1o_100sh.jpg,西游录——十八罗汉（下）,插画-商业插画,15777,569,27,,老子只是个画画的
https://img.zcool.cn/community/0122de5e706242a80120a895d5dee2.jpg@260w_195h_1c_1e_1o_100sh.jpg,设计大事件【2020年3月上】,文章-资讯-多领域,10453,189,12,,站酷网
https://img.zcool.cn/community/01ae585e703cbaa801216518f935cb.jpg@260w_195h_1c_1e_1o_100sh.jpg,武装便衣-角色设定 Armed plain clothes - role,插画-插画习作,35288,1557,92,,tianzi_天恣
https://img.zcool.cn/community/01eb5a5e703996a80120a8953bd60f.jpg@260w_195h_1c_1e_1o_100sh.jpg,电影《唐人街探案3》烧脑版海报...,平面-海报,66807,1648,131,,赵力视觉
https://img.zcool.cn/community/01c9355e6fc662a80120a895e0101f.jpg@260w_195h_1c_1e_1o_100sh.jpg,抖音 | DOU艺之城,网页-移动端网页,44336,1211,53,,InfiniStudio
https://img.zcool.cn/community/01f8905e6f8feca80121651855b062.jpg@260w_195h_1c_1e_1o_100sh.jpg,Plant Photography Web Design,网页-企业官网,15145,508,81,,我是杨柳啊
https://img.zcool.cn/community/0119165e6f6d8ea80120a895600675.jpg@260w_195h_1c_1e_1o_100sh.jpg,手写体设计 ,平面-字体/字形,11536,303,33,,迪升
https://img.zcool.cn/community/0125df5e6f67fea80120a895ed6dd4.jpg@260w_195h_1c_1e_1o_100sh.jpg,RWDS·插画合集七,插画-插画习作,30016,1606,85,,rwds
https://img.zcool.cn/community/01f2435e6f4be2a80120a895b48001.jpg@260w_195h_1c_1e_1o_100sh.jpg,2019插画年度总结-隐身少女Alice,插画-商业插画,32071,2743,125,,隐身少女Alice
https://img.zcool.cn/community/01010f5e6f4676a801216518aa72c8.jpg@260w_195h_1c_1e_1o_100sh.jpg,一大波C4D视觉艺术,三维-其他三维,93221,1549,96,,Edisonwong7
https://img.zcool.cn/community/01bf155e6eef68a80120a895ef3eb8.jpg@260w_195h_1c_1e_1o_100sh.jpg,大唐女子图鉴【第四弹】,插画-其他插画,16003,1494,81,,Z_XINYUE
https://img.zcool.cn/community/0197c75e6f2114a80120a8950ccd30.jpg@260w_195h_1c_1e_1o_100sh.jpg,Chiii Design × 隈研吾 | 日本东京白石美术馆,平面-品牌,37140,387,13,,Chiiidesign
https://img.zcool.cn/community/01aa685e6f1962a80120a895b12a1d.jpg@260w_195h_1c_1e_1o_100sh.jpg,WISEMIND-跑跑卡丁车,平面-海报,17411,816,52,,玖作文化
https://img.zcool.cn/community/010ef55e6edb1aa801216518d016d3.jpg@260w_195h_1c_1e_1o_100sh.jpg,字体设计－书法呈现,平面-字体/字形,42376,1170,64,,是無山居人
https://img.zcool.cn/community/01f2915e5a70ffa801216518fbf212.jpg@260w_195h_1c_1e_1o_100sh.jpg,秋刀鱼之味,摄影-人像,14337,372,43,,腰果虾仁
https://img.zcool.cn/community/031f45a5e6ed626a80120a89541d6ba.jpg@260w_195h_1c_1e_1o_100sh.jpg,桌角刀马记,纯艺术-油画,13518,429,41,,杜溪
https://img.zcool.cn/community/011a6a5e6edf8aa80120a89551d691.jpg@260w_195h_1c_1e_1o_100sh.jpg,品物意匠LOGO设计,平面-标志,16301,431,48,,大侄子_梁标
https://img.zcool.cn/community/0197675e6e47a1a80120a89552ac81.jpg@260w_195h_1c_1e_1o_100sh.jpg, Font design-字体集,平面-字体/字形,34521,573,81,,凶猛的大老虎
https://img.zcool.cn/community/01b4e85e6e427ea80120a895b41e6e.jpg@260w_195h_1c_1e_1o_100sh.jpg,Chunfeng春风 PROJECT COLLECTION Vol.B 2019 inZCOOL,平面-宣传品,39252,995,44,,Chunfeng春风
https://img.zcool.cn/community/0172e25e6ef44ea8012165189a610d.jpg@260w_195h_1c_1e_1o_100sh.jpg,2020阴霾密布，让科幻带给你一丝希望,三维-动画/影视,20421,637,42,,SEENVISION
https://img.zcool.cn/community/0143ad5e6b028ca80121651854f208.jpg@260w_195h_1c_1e_1o_100sh.jpg,爱奇艺VR的UI是如何摆放的？——谈VR界面的空间布局,文章-观点-多领域,10620,207,32,,淮___
https://img.zcool.cn/community/018dc25e6edffba801216518d11bb1.jpg@260w_195h_1c_1e_1o_100sh.jpg,真经阁｜《王者荣耀》美宣设计案例解读-提案和总结的万能方法论,文章-教程-多领域,15427,541,37,,腾讯游戏学院
https://img.zcool.cn/community/01d86a5e6ed314a80120a895ef0d8b.jpg@260w_195h_1c_1e_1o_100sh.jpg,三组页面,网页-企业官网,17088,447,36,,梁定然_霍普斯汀
https://img.zcool.cn/community/0146b45e6e59e7a80120a89552386f.jpg@260w_195h_1c_1e_1o_100sh.jpg,HOME&lt;NO.63复工四啥&gt;,动漫-短篇/四格漫画,18758,673,37,,兔天乐
https://img.zcool.cn/community/01fc8c5e6ecc67a8012165188d75f3.jpg@260w_195h_1c_1e_1o_100sh.jpg,我的酒吧拼图,插画-商业插画,16977,379,16,,FCCK
https://img.zcool.cn/community/0188205e6e488da80120a895a59a8a.jpg@260w_195h_1c_1e_1o_100sh.jpg,【24节气.春】立春 雨水.惊蛰.春分.清明.谷雨.熊猫,插画-商业插画,22890,1356,36,,雪娃娃童画
https://img.zcool.cn/community/00b6ad5e6dc583a80120a8955671bb.png@260w_195h_1c_1e_1o_100sh.jpg,万圣节御猫之术！,平面-吉祥物,4130,98,9,,爱吃鱼丸的喵星人
https://img.zcool.cn/community/0314c155e6e4be6a801216518775fb1.jpg@260w_195h_1c_1e_1o_100sh.jpg,《Sentient beings》,插画-商业插画,8453,261,25,,肖壮悦X.tiger
https://img.zcool.cn/community/015fce5e6ee51ca8012165185cb15b.jpg@260w_195h_1c_1e_1o_100sh.jpg,B类动态营销字体诞生记-1688知行体,文章-教程-多领域,19454,946,79,,阿里巴巴CBU设计
https://img.zcool.cn/community/018f1e5e6e53f3a80120a8951d9814.jpg@260w_195h_1c_1e_1o_100sh.jpg,改造也没这么难嘛.上 --制作篇,文章-教程-手工艺,10189,365,65,,白用感叹号
https://img.zcool.cn/community/017eca5e6e1486a80121651825cac8.jpg@260w_195h_1c_1e_1o_100sh.jpg,【 萬 · 九蓮寶燈 】,插画-插画习作,36619,1300,169,,YOUNGIKE
https://img.zcool.cn/community/01785c5e6da5a0a8012165185830be.jpg@260w_195h_1c_1e_1o_100sh.jpg,时装周：台前幕后,插画-商业插画,13601,615,24,,lolosan
https://img.zcool.cn/community/004a755e6dff63a80120a895082358.png@260w_195h_1c_1e_1o_100sh.jpg,花嫁,平面-吉祥物,8525,343,16,,dinglingling叮
https://img.zcool.cn/community/0121325e6cdff9a801216518c55e35.jpg@260w_195h_1c_1e_1o_100sh.jpg,分形(Fractal)第五十六辑,纯艺术-其他艺创,5658,106,16,,阳光与青稞
https://img.zcool.cn/community/03125845e6cc4baa801216518bb9c37.jpg@260w_195h_1c_1e_1o_100sh.jpg,油画作品《火牛陷阵》,纯艺术-油画,15404,506,28,,王可伟
https://img.zcool.cn/community/01cb505e6bd564a80120a8959db03e.jpg@260w_195h_1c_1e_1o_100sh.jpg,记忆中的王者 第五弹,插画-游戏原画,23810,958,114,,齐天大宋
https://img.zcool.cn/community/01be245e6b4bb9a801216518c3a8e0.jpg@260w_195h_1c_1e_1o_100sh.jpg,兰奕屋语，春季裙装,服装-休闲/流行服饰,11932,341,17,,婚纱设计师兰奕
https://img.zcool.cn/community/031b71e5e6cb269a801216518c4f7d9.jpg@260w_195h_1c_1e_1o_100sh.jpg,FStormRender室内效果图,空间-室内设计,40390,260,12,,大师一号壹哥
https://img.zcool.cn/community/0079385e6b0bc3a801216518fec0de.png@260w_195h_1c_1e_1o_100sh.jpg,凌魂少女汉服立绘,平面-吉祥物,7689,185,22,,应一烁
https://img.zcool.cn/community/01ef025e6c82dda80120a8951f41f1.jpg@260w_195h_1c_1e_1o_100sh.jpg,你那边的理发店开门了么？,动漫-中/长篇漫画,58405,3573,674,,郭九二
https://img.zcool.cn/community/01f4c65e6bf564a80120a8951d0f74.jpg@260w_195h_1c_1e_1o_100sh.jpg,ZEEHO,网页-企业官网,14879,238,48,,Mr___J
https://img.zcool.cn/community/016cea5e6b7f60a80120a89545f9c7.jpg@260w_195h_1c_1e_1o_100sh.jpg,年前年后-小米路由器Ax3600-WiFi6和一些C4D渲染,网页-电商,46695,697,73,,212设计
https://img.zcool.cn/community/016fc45e6c5fa5a80120a895f91eac.jpg@260w_195h_1c_1e_1o_100sh.jpg, 亲子局|就不会有没话题的时候 ,动漫-中/长篇漫画,11323,317,35,,伊月eyue
https://img.zcool.cn/community/010e4d5e6b7d02a80120a8951cc936.jpg@260w_195h_1c_1e_1o_100sh.jpg,《决战中途岛》视效解析,影视-后期/剪辑,34830,441,63,,PIXOMONDO
https://img.zcool.cn/community/015d1b5e6b6304a80120a895c1541c.jpg@260w_195h_1c_1e_1o_100sh.jpg,《大理寺日志》同名推广曲,动漫-动画片,5276,110,16,,好传动画
https://img.zcool.cn/community/0120975e6a1624a80120a89581e4f2.jpg@260w_195h_1c_1e_1o_100sh.jpg,挑战与机遇并存，如何布局你的数字营销战略,文章-观点-其他,6982,129,3,,jane220
https://img.zcool.cn/community/016dab5e6a5b5aa801216518ed8c87.jpg@260w_195h_1c_1e_1o_100sh.jpg,动态设计的转场心法,文章-教程-影视,16312,1088,33,,崔小骏
https://img.zcool.cn/community/0131ff5e6b4b6fa8012165186d93fb.jpg@260w_195h_1c_1e_1o_100sh.jpg,如何建立新零售行业有效的体验组件库,文章-观点-UI,8040,186,10,,烨辰_Designer
https://img.zcool.cn/community/01b9075e6b3051a80120a89565be88.jpg@260w_195h_1c_1e_1o_100sh.jpg,三月手写书法字体,平面-字体/字形,18136,450,74,,妙典
https://img.zcool.cn/community/019c425e660821a80120a895a67e69.jpg@260w_195h_1c_1e_1o_100sh.jpg,小米10“VR云开箱”，线上体验的创新策略,三维-产品,12242,266,23,,BITONE叶青司机
https://img.zcool.cn/community/0117e85e6b2524a80120a8956ad136.jpg@260w_195h_1c_1e_1o_100sh.jpg,电影案例：风语咒片头动画,动漫-动画片,27308,659,129,,DeathCoil
https://img.zcool.cn/community/01b0615e6adcb2a801216518e1f1f8.jpg@260w_195h_1c_1e_1o_100sh.jpg,梦工场大冒险,插画-游戏原画,17319,1135,52,,疯景
https://img.zcool.cn/community/012f285e6a6156a80120a895113e9a.jpg@260w_195h_1c_1e_1o_100sh.jpg,电影《如来神掌》概念海报,插画-商业插画,27447,1364,123,,DANKY
https://img.zcool.cn/community/0156265e6a046da80120a895e9fd43.jpg@260w_195h_1c_1e_1o_100sh.jpg,HEREidea英合创意｜ 原创作品：《潮流合伙人》,平面-海报,27007,1142,70,,HEREidea英合创意
https://img.zcool.cn/community/012f275e6aab24a80120a895e09a49.jpg@260w_195h_1c_1e_1o_100sh.jpg,我叫 MR&#39;S KAREN,平面-吉祥物,29284,1149,109,,涅槃创设
https://img.zcool.cn/community/03175e85e6a371da8012165181b8da5.jpg@260w_195h_1c_1e_1o_100sh.jpg,IMAX2020新春主视觉,插画-商业插画,16298,895,36,,矮肥才华有限
https://img.zcool.cn/community/015d5b5e6a0398a80120a89576c0b6.jpg@260w_195h_1c_1e_1o_100sh.jpg,貓Gの2017作品集,插画-其他插画,33673,787,77,,纠结的貓G
https://img.zcool.cn/community/0155605e6a10b6a8012165185daad2.jpg@260w_195h_1c_1e_1o_100sh.jpg,如果你见到了春天，跟它说我也在找它,插画-商业插画,42421,2489,89,,猫矮_MAOI
https://img.zcool.cn/community/0177705e6b1beaa80120a89597f1a1.jpg@260w_195h_1c_1e_1o_100sh.jpg,众神归位，万邪皆克,插画-商业插画,33123,2042,79,,隋伟康
https://img.zcool.cn/community/010d7a5e69eee2a801216518978f78.jpg@260w_195h_1c_1e_1o_100sh.jpg,vivo V17 极点屏 一点灵晰.,影视-宣传片,26151,410,20,,UIDWORKS
https://img.zcool.cn/community/01bbaf5e69eeb0a801216518f78710.jpg@260w_195h_1c_1e_1o_100sh.jpg,天猫·多种风格混搭动画《买什么篇》,动漫-其他动漫,20856,1146,59,,青芥制作WASABI
https://img.zcool.cn/community/01160b5e69f848a80121651860b32f.jpg@260w_195h_1c_1e_1o_100sh.jpg,非人哉541-544,动漫-短篇/四格漫画,23368,1125,51,,非人哉漫画
https://img.zcool.cn/community/018b275e68a2d8a8012165189322f1.jpg@260w_195h_1c_1e_1o_100sh.jpg,realme X50 Pro x dcp,三维-产品,12985,695,58,,DCPproduction
https://img.zcool.cn/community/01d1a95e6915fca8012165189a1a05.jpg@260w_195h_1c_1e_1o_100sh.jpg,BRATTY/HORRORMOVIE,平面-海报,9207,468,84,,BRAT1
https://img.zcool.cn/community/0137035e68b20aa80120a8958e45a2.jpg@260w_195h_1c_1e_1o_100sh.jpg,除了帮人打工，做点自己的产品， 设计师的B面看着也不赖！,文章-观点-多领域,32672,306,28,,晋小彦
https://img.zcool.cn/community/01655d5e68b535a80121651853aa1c.jpg@260w_195h_1c_1e_1o_100sh.jpg,CSS中国互联网安全领袖峰会,三维-动画/影视,10224,177,10,,菱视文化传媒
https://img.zcool.cn/community/01b7295e68a80fa8012165183ea5d5.jpg@260w_195h_1c_1e_1o_100sh.jpg,国风IP小松鼠天天,平面-吉祥物,15047,1045,88,,钱江盖饭
https://img.zcool.cn/community/0123f75e6881eea8012165188c6b61.jpg@260w_195h_1c_1e_1o_100sh.jpg,艾美特/东芝/腾讯详情合集x3,网页-电商,36599,1282,140,,松鼠视觉传媒
https://img.zcool.cn/community/01d1095e67a442a80120a895a3b1bc.jpg@260w_195h_1c_1e_1o_100sh.jpg,深耕“用户界面”（下篇）- 界面设计科学化内容传达,文章-观点-UI,20667,659,62,,孔雅轩LineVision
https://img.zcool.cn/community/01a4725e688141a8012165189056c0.jpg@260w_195h_1c_1e_1o_100sh.jpg,ZHOUSHIYAN-2020 未发表公开,平面-品牌,74363,443,81,,ETHAN_CHOU
https://img.zcool.cn/community/01e4e65e67e513a80120a895e91ba1.jpg@260w_195h_1c_1e_1o_100sh.jpg,real smile笑的渐进式【动物摄影师何某某个人作品25】,摄影-动物,45909,846,158,,超级何某某
https://img.zcool.cn/community/0194b25e6800b9a801216518dc8fcf.jpg@260w_195h_1c_1e_1o_100sh.jpg,创意视觉『 天猫｜年货节 』✖ 新罐头,摄影-静物,41636,658,32,,新罐头工厂
https://img.zcool.cn/community/010f495e675c37a80120a89582e62f.jpg@260w_195h_1c_1e_1o_100sh.jpg,京东金融守护小星球游戏动效分享,UI-游戏UI,13285,311,26,,京东金融JXD
https://img.zcool.cn/community/01a2265e6881e8a80121651838db3d.jpg@260w_195h_1c_1e_1o_100sh.jpg,赵鑫 莲花帝国 画画 2020,插画-商业插画,10641,152,24,,莲花帝国
https://img.zcool.cn/community/017d715e6710bfa80121651879e784.jpg@260w_195h_1c_1e_1o_100sh.jpg,腾讯JOOX • 2019年圣诞节推广视频及周边设计,三维-动画/影视,12095,483,20,,一米天文化
https://img.zcool.cn/community/014b3b5e679b7ca8012165183d6e98.jpg@260w_195h_1c_1e_1o_100sh.jpg,表情包,动漫-其他动漫,37430,1177,111,,一帧创设
https://img.zcool.cn/community/013fff5e679485a80120a895fd964a.jpg@260w_195h_1c_1e_1o_100sh.jpg,MARKII,平面-吉祥物,17731,1070,52,,阿奤
https://img.zcool.cn/community/01dafc5e6743a7a80120a8957a0e2a.jpg@260w_195h_1c_1e_1o_100sh.jpg,天猫国际《给你全世界的春天》动画视频,插画-商业插画,13843,394,11,,晚門
https://img.zcool.cn/community/01b7605e67f74ea801216518d1e4a5.jpg@260w_195h_1c_1e_1o_100sh.jpg,迪士尼中秋海报,插画-商业插画,20717,1606,53,,木鼠
https://img.zcool.cn/community/01d6805e675653a8012165184a6448.jpg@260w_195h_1c_1e_1o_100sh.jpg,钟风华西游记系列作品新作《魔礼青》,插画-游戏原画,15854,501,15,,艺数绘CG
https://img.zcool.cn/community/01a2c15e684e53a80120a895a3a5ae.jpg@260w_195h_1c_1e_1o_100sh.jpg,木言-《二十八宿·玄武白虎》,插画-其他插画,21359,770,32,,木言木言木言
https://img.zcool.cn/community/01622f5e67d65ba8012165189aa95b.jpg@260w_195h_1c_1e_1o_100sh.jpg,原创皮塑作品《塔吉克母亲》,手工艺-皮艺,7553,529,31,,孟璐璐V
https://img.zcool.cn/community/0173225e66f155a80120a895335e3d.jpg@260w_195h_1c_1e_1o_100sh.jpg,一刻相册-从0-1设计背后的故事。,文章-观点-UI,22542,743,121,,苏大牙
https://img.zcool.cn/community/01bcdf5e674ac0a801216518b97520.jpg@260w_195h_1c_1e_1o_100sh.jpg,《和巾帼木兰回部落过年》定格动画花絮,影视-宣传片,7650,352,24,,润物定格动画
https://img.zcool.cn/community/013f9a5e66e7aaa80120a895ea9a54.jpg@260w_195h_1c_1e_1o_100sh.jpg,我和我的小伙伴,插画-商业插画,8894,169,21,,碳碳
https://img.zcool.cn/community/0179dc5e671207a8012165188c8890.jpg@260w_195h_1c_1e_1o_100sh.jpg,bunny圣诞系列,手工艺-手办/模玩,12501,168,21,,小纯纯儿
https://img.zcool.cn/community/014f395e66fac9a801216518a45a15.jpg@260w_195h_1c_1e_1o_100sh.jpg,水兵悦的日常·消失的一年大事记,动漫-短篇/四格漫画,13809,421,75,,Moon悦悦
https://img.zcool.cn/community/012abd5e662a7fa80120a895c16951.jpg@260w_195h_1c_1e_1o_100sh.jpg,上行设计-2019年商业案例合集,平面-品牌,65493,745,45,,石昌鸿
https://img.zcool.cn/community/01f2585e665e44a801216518a77a69.jpg@260w_195h_1c_1e_1o_100sh.jpg,作品整理,插画-其他插画,12666,937,72,,晓前
https://img.zcool.cn/community/01bcbf5e662f71a80120a8958b6cc1.jpg@260w_195h_1c_1e_1o_100sh.jpg,【字绘中国】艺起抗疫 共克时艰,平面-海报,25257,816,46,,91comer
https://img.zcool.cn/community/014b215e66eec5a80120a8956a5c43.jpg@260w_195h_1c_1e_1o_100sh.jpg,你一定/也是某个人的奇迹/绘本插画,插画-绘本,33308,1591,128,,ciao大榴莲
https://img.zcool.cn/community/activity_cover/9e0b5e6761bb0000011f3fd537bc.jpg@260w_195h_1c_1e_1o_100sh.jpg,高手坐堂——资深插画师，莫矜,活动-线上活动,32788,1220,无,,站酷高高手
https://img.zcool.cn/community/0136a85e660086a80121651865d4e9.jpg@260w_195h_1c_1e_1o_100sh.jpg,斗法——齐天大圣vs哪吒三太子,插画-商业插画,16011,446,55,,蓝斓岚
