﻿图片地址,作品名字,作品类型,人气数,点赞数,评论数,作者图片,作者
https://img.zhisheji.com/20200412235619FkHPO.jpg?imageMogr2/quality/100/sharpen/1/thumbnail/290x/crop/!290x180,插画商业思维 对设计的推动-卡昂卡昂,设计师专访,4071,69,25,https://www.zhisheji.com/uc_server/data/avatar/000/02/40/22_avatar_small.jpg,设计师专访
https://img.zhisheji.com/20200413224812nFVzC.jpg?imageMogr2/quality/100/sharpen/1/thumbnail/290x/crop/!290x180,27岁美女画家，神仙画风一夜圈粉63w！网友惊艳：你这是吃了,头条,1524,48,16,https://www.zhisheji.com/uc_server/data/avatar/000/09/50/09_avatar_small.jpg,头条君
https://img.zhisheji.com/FtEv1I1Sq-dnCtj9nEHZPhIm_4pj?imageMogr2/quality/100/sharpen/1/thumbnail/290x/crop/!290x180,小插画,插画,1189,25,21,https://www.zhisheji.com/uc_server/data/avatar/000/53/04/01_avatar_small.jpg,lee「海」
https://img.zhisheji.com/FifByfsTNdBxKY4UaUCJwcEvXHMa?imageMogr2/thumbnail/600x/crop/!493x308a73a0,BHQS#太空系列#场景丨飞船设计,插画,663,18,9,https://www.zhisheji.com/uc_server/data/avatar/000/47/91/86_avatar_small.jpg,BHQS
https://img.zhisheji.com/FtzGbm56c7ewwEwt1lp4P8rOIOjo?imageMogr2/thumbnail/600x/crop/!509x318a46a21,小天马书法字体设计Vol.2,平面-字体设计,579,12,8,https://www.zhisheji.com/uc_server/data/avatar/000/51/98/23_avatar_small.jpg,PONY小天马
https://img.zhisheji.com/20200413105632VQIYg.jpg?imageMogr2/quality/100/sharpen/1/thumbnail/290x/crop/!290x180,高级商业摄影后期：调色理论及实战应用,教程,1770,39,16,https://www.zhisheji.com/uc_server/data/avatar/000/17/10/18_avatar_small.jpg,黑白君
https://img.zhisheji.com/Fg0aWhKop1R8BzqYKOfSjWW8_GFr?imageMogr2/quality/100/sharpen/1/thumbnail/290x/crop/!290x180,20200410一组手写,平面-字体设计,1221,26,13,https://www.zhisheji.com/uc_server/data/avatar/000/40/57/94_avatar_small.jpg,最佳方式
https://img.zhisheji.com/FpnK5zUlcLa9c87s--sybRgPh5iy?imageMogr2/quality/100/sharpen/1/thumbnail/290x/crop/!290x180,字母小怪兽—A—E—I—O—W—Z,三维/C4D,2604,67,28,https://www.zhisheji.com/uc_server/images/noavatar_small.gif,哆啦梦梦
https://img.zhisheji.com/FmzpEXbxzfltOjl_C4Oaa86vD_o7?imageMogr2/thumbnail/600x/crop/!373x233a69a1286,作品整理,海报-其它,3319,53,27,https://www.zhisheji.com/uc_server/data/avatar/000/53/29/58_avatar_small.jpg,古北1987
https://img.zhisheji.com/FrdTSarNt28WHHN8lFDRxNjBY6sq?imageMogr2/quality/100/sharpen/1/thumbnail/290x/crop/!290x180,美的家电详情视觉分享,详情页-家电办公,3816,52,22,https://www.zhisheji.com/uc_server/data/avatar/000/00/78/15_avatar_small.jpg,松鼠视觉传媒
https://img.zhisheji.com/Fkwaidot6w7rVjT1WUFksDpLAnMk?imageMogr2/thumbnail/600x/crop/!541x338a9a0,Femi’s Tea新加坡高端茶饮Logo/Vi形象设计,平面-品牌,1652,30,19,https://www.zhisheji.com/uc_server/data/avatar/000/34/98/52_avatar_small.jpg,席江龙
https://img.zhisheji.com/FnoJcNv_yfKhMkKo0A7O3IrZEe-d?imageMogr2/quality/100/sharpen/1/thumbnail/290x/crop/!290x180,像素风暴Pixel Wars,三维/C4D,2307,45,27,https://www.zhisheji.com/uc_server/data/avatar/000/20/73/85_avatar_small.jpg,X行骗艺术家
https://img.zhisheji.com/FrFGw5dVlTGRF6pkP9GWrYsPmsdp?imageMogr2/quality/100/sharpen/1/thumbnail/290x/crop/!290x180,禦龍坊｜品牌設計案例,平面-品牌,1887,36,13,https://www.zhisheji.com/uc_server/data/avatar/000/51/97/90_avatar_small.jpg,阿星design
https://img.zhisheji.com/Fj7jx6L99neq2jqdE8gbIl6q6NxX?imageMogr2/quality/100/sharpen/1/thumbnail/290x/crop/!290x180,2018-2020年度游戏视觉整理,网页-游戏/娱乐,2641,36,16,https://www.zhisheji.com/uc_server/data/avatar/000/25/27/78_avatar_small.jpg,西半球隔壁屯鬼不灵村
https://img.zhisheji.com/Fq_OueD4ztPeGCJZogb1MRZB499j?imageMogr2/quality/100/sharpen/1/thumbnail/290x/crop/!290x180,果感之女·俱乐部 | Fruity Girls Club 2,三维/C4D,2418,70,22,https://www.zhisheji.com/uc_server/data/avatar/000/48/62/84_avatar_small.jpg,HJ伟豪
https://img.zhisheji.com/Fv8Y9bC8AiXRAXmfewSDDSHtlTWJ?imageMogr2/quality/100/sharpen/1/thumbnail/290x/crop/!290x180,2019腰带·平衡车详情总结,详情页-户外运动,4902,61,25,https://www.zhisheji.com/uc_server/data/avatar/000/00/53/76_avatar_small.jpg,刘永
https://img.zhisheji.com/FuAD1lX_Y7-PwrbdOQPjz_JIqeFN?imageMogr2/thumbnail/600x/crop/!600x375a0a26,4月手写-康康不加香菜,平面-字体设计,1986,35,12,https://www.zhisheji.com/uc_server/data/avatar/000/51/56/42_avatar_small.jpg,康康不加香菜
https://img.zhisheji.com/FixotOc7h_AJShVrgh0oJmaPpIBL?imageMogr2/quality/100/sharpen/1/thumbnail/290x/crop/!290x180,【三只松鼠】年货节活动策划分享,首页/专题-汇吃美食,4131,79,20,https://www.zhisheji.com/uc_server/data/avatar/000/02/53/55_avatar_small.jpg,杰克sean
https://img.zhisheji.com/Fppq8x-sC8spfc9tzU-xtnJrgDfc?imageMogr2/quality/100/sharpen/1/thumbnail/290x/crop/!290x180,纯ps制作大型店铺设计,首页/专题-珠宝配饰,4755,113,44,https://www.zhisheji.com/uc_server/data/avatar/000/35/40/19_avatar_small.jpg,任星星
https://img.zhisheji.com/FjiVSARetnwrUhYgcUVjS5cKfAEP?imageMogr2/quality/100/sharpen/1/thumbnail/290x/crop/!290x180,毫克字迹：四月手写,平面-字体设计,1374,27,14,https://www.zhisheji.com/uc_server/data/avatar/000/25/68/41_avatar_small.jpg,毫克
https://img.zhisheji.com/FtCY34eF7EQlzmDu4sIednMWbp9W?imageMogr2/quality/100/sharpen/1/thumbnail/290x/crop/!290x180,意大利LAICA莱卡｜出口净水壶,详情页-家电办公,3051,38,19,https://www.zhisheji.com/uc_server/data/avatar/000/14/27/59_avatar_small.jpg,MOI摩尔
https://img.zhisheji.com/Fs7lburmqhYKV58XSqiLhAdqmYKR?imageMogr2/quality/100/sharpen/1/thumbnail/290x/crop/!290x180,产品场景建模渲染-活动主KV设计,三维/C4D,4462,101,23,https://www.zhisheji.com/uc_server/data/avatar/000/01/49/11_avatar_small.jpg,潜云设计团队
https://img.zhisheji.com/FtC2tisEWpO7FddjNct1lCWCg10p?imageMogr2/thumbnail/600x/crop/!600x375a0a734,六组商业品牌官网合集,网页-企业官网,3072,32,12,https://www.zhisheji.com/uc_server/data/avatar/000/10/10/40_avatar_small.jpg,小牛视觉设计
https://img.zhisheji.com/FrTZLKpauVsdJi3t-CjV2zhNkoSv?imageMogr2/quality/100/sharpen/1/thumbnail/290x/crop/!290x180,书法字集&lt;64&gt;,平面-字体设计,1602,26,13,https://www.zhisheji.com/uc_server/data/avatar/000/43/35/64_avatar_small.jpg,冬兴
https://img.zhisheji.com/Foc5QVQAKwIMDuH5YDUvinoTqky9?imageMogr2/quality/100/sharpen/1/thumbnail/290x/crop/!290x180,丨风扇详情页×2丨电商丨详情页丨,详情页-手机数码,5470,82,58,https://www.zhisheji.com/uc_server/data/avatar/000/39/67/23_avatar_small.jpg,Milon
https://img.zhisheji.com/FgTvATioC5NyLRU4Xw9f7Ih7LVl2?imageMogr2/thumbnail/600x/crop/!434x271a93a231,橘子味的可乐,插画,4158,108,24,https://www.zhisheji.com/uc_server/data/avatar/000/38/67/76_avatar_small.jpg,kiki李可乐
https://img.zhisheji.com/Fu1uzhMN6LfKpmpPiSleTLe0ZSn5?imageMogr2/quality/100/sharpen/1/thumbnail/290x/crop/!290x180,九阳真空破壁机/垃圾处理器,详情页-家电办公,5096,82,19,https://www.zhisheji.com/uc_server/data/avatar/000/36/44/57_avatar_small.jpg,陆齐铭
https://img.zhisheji.com/Fm6dC5JRrA6L2IrmvXkQWWPRf-Y-?imageMogr2/quality/100/sharpen/1/thumbnail/290x/crop/!290x180,韩国ASHMORE小王子声波盒,详情页-家电办公,5070,66,23,https://www.zhisheji.com/uc_server/data/avatar/000/14/27/59_avatar_small.jpg,MOI摩尔
